,Titles,Year,Model,Make,Colour,Style,Condition,Price,Mileages,Dealer,City,Province,Posting Link,Image Link
0,"Used 2022 Hyundai Elantra Preferred | One-Owner for sale in Etobicoke, ON",2022,2022 Hyundai Elantra,Hyundai,White,Sedan,Used,24800,29920.0,World Fine Cars,Etobicoke,ON,https://www.carpages.ca/used-cars/ontario/etobicoke/2022-hyundai-elantra-10797441/,https://images.carpages.ca/inventory/10797441.388062051?w=320&h=240&q=75&s=6adb1b224808bd323d87c30fa8b95980
1,"Used 2021 Hyundai Elantra PREFERRED | Sunroof | BSM | Heated Seats | CarPlay for sale in Toronto, ON",2021,2021 Hyundai Elantra,Hyundai,White,Sedan,Used,24850,83000.0,AUTORAMA,Toronto,ON,https://www.carpages.ca/used-cars/ontario/toronto/2021-hyundai-elantra-10797438/,https://images.carpages.ca/inventory/10797438.388062171?w=320&h=240&q=75&s=71cc976b83005f7e7a2aaf58c6dbd3d7
2,"Used 2019 Chevrolet Bolt EV Premier Accident Free | Low KM for sale in Surrey, BC",2019,2019 Chevrolet Bolt,Chevrolet,Black,Sedan,Used,30980,72281.0,Langley Chrysler,Surrey,BC,https://www.carpages.ca/used-cars/british-columbia/surrey/2019-chevrolet-bolt-10797417/,https://images.carpages.ca/inventory/10797417.388061739?w=320&h=240&q=75&s=6562e0640d63460da7e4369ffe0139a9
3,"Used 2020 Volkswagen Jetta Comfortline Low KM | Bluetooth for sale in Surrey, BC",2020,2020 Volkswagen Jetta,Volkswagen,Silver,Sedan,Used,23885,63301.0,Langley Chrysler,Surrey,BC,https://www.carpages.ca/used-cars/british-columbia/surrey/2020-volkswagen-jetta-10797414/,https://images.carpages.ca/inventory/10797414.388061736?w=320&h=240&q=75&s=627b6ca3aad585576e6671268f3ed463
4,"Used 2018 Chevrolet Cruze LT AUTO for sale in Saskatoon, SK",2018,2018 Chevrolet Cruze,Chevrolet,Silver,Sedan,Used,1,83001.0,Village Auto Sales,Saskatoon,SK,https://www.carpages.ca/used-cars/saskatchewan/saskatoon/2018-chevrolet-cruze-10797375/,https://images.carpages.ca/inventory/10797375.388061586?w=320&h=240&q=75&s=661caf6208b64e099160a7463a295009
5,"Used 2019 Chevrolet Impala 2LZ for sale in Saskatoon, SK",2019,2019 Chevrolet Impala,Chevrolet,Red,Sedan,Used,24995,138253.0,Village Auto Sales,Saskatoon,SK,https://www.carpages.ca/used-cars/saskatchewan/saskatoon/2019-chevrolet-impala-10797273/,https://images.carpages.ca/inventory/10797273.388061541?w=320&h=240&q=75&s=72bb8309bfb21733abcde6b3ddbe0cf0
6,"Used 2015 Chrysler 200 C for sale in Saskatoon, SK",2015,2015 Chrysler 200,Chrysler,Silver,Sedan,Used,1,,Village Auto Sales,Saskatoon,SK,https://www.carpages.ca/used-cars/saskatchewan/saskatoon/2015-chrysler-200-10797168/,https://images.carpages.ca/inventory/10797168.388061469?w=320&h=240&q=75&s=13e5f6c44d94c3ee6af76e862d73b16b
7,"Used 2021 Nissan Sentra SV for sale in Saskatoon, SK",2021,2021 Nissan Sentra,Nissan,Black,Sedan,Used,27995,95451.0,Village Auto Sales,Saskatoon,SK,https://www.carpages.ca/used-cars/saskatchewan/saskatoon/2021-nissan-sentra-10797153/,https://images.carpages.ca/inventory/10797153.388061460?w=320&h=240&q=75&s=e6911bb07098ed7bc51d0cd7a2c67927
8,"Used 2021 Toyota Corolla LE for sale in Saskatoon, SK",2021,2021 Toyota Corolla,Toyota,Blue,Sedan,Used,30995,84628.0,Village Auto Sales,Saskatoon,SK,https://www.carpages.ca/used-cars/saskatchewan/saskatoon/2021-toyota-corolla-10797108/,https://images.carpages.ca/inventory/10797108.388061430?w=320&h=240&q=75&s=78c4ffed43a47d5a9ce8ac2915a790d2
9,"Used 2021 Toyota Corolla LE for sale in Saskatoon, SK",2021,2021 Toyota Corolla,Toyota,White,Sedan,Used,29500,68247.0,Village Auto Sales,Saskatoon,SK,https://www.carpages.ca/used-cars/saskatchewan/saskatoon/2021-toyota-corolla-10797105/,https://images.carpages.ca/inventory/10797105.388061427?w=320&h=240&q=75&s=e66e865432d1368b74c7484a5f8608f5
10,"Used 2021 Chevrolet Malibu LT for sale in Saskatoon, SK",2021,2021 Chevrolet Malibu,Chevrolet,White,Sedan,Used,1,70791.0,Village Auto Sales,Saskatoon,SK,https://www.carpages.ca/used-cars/saskatchewan/saskatoon/2021-chevrolet-malibu-10797072/,https://images.carpages.ca/inventory/10797072.388061409?w=320&h=240&q=75&s=857b25a87b00a612bb07b2d040a2eb77
11,"Used 2021 Kia Forte LX - Low Mileage for sale in Saskatoon, SK",2021,2021 Kia Forte,Kia,White,Sedan,Used,28995,29433.0,Village Auto Sales,Saskatoon,SK,https://www.carpages.ca/used-cars/saskatchewan/saskatoon/2021-kia-forte-10797066/,https://images.carpages.ca/inventory/10797066.388061406?w=320&h=240&q=75&s=1277134ea51ed13f104e87902f9ba70c
12,"Used 2018 Mazda MAZDA3 GX - Low Mileage for sale in Saskatoon, SK",2018,2018 Mazda MAZDA3,Mazda,Silver,Sedan,Used,21995,52998.0,Village Auto Sales,Saskatoon,SK,https://www.carpages.ca/used-cars/saskatchewan/saskatoon/2018-mazda-mazda3-10797057/,https://images.carpages.ca/inventory/10797057.388061400?w=320&h=240&q=75&s=6b291aed2541efedb061ed95c70bd760
13,"Used 2017 Buick Verano  for sale in Saskatoon, SK",2017,2017 Buick Verano,Buick,White,Sedan,Used,15995,156120.0,Village Auto Sales,Saskatoon,SK,https://www.carpages.ca/used-cars/saskatchewan/saskatoon/2017-buick-verano-10797036/,https://images.carpages.ca/inventory/10797036.388061391?w=320&h=240&q=75&s=9a46cc328ad4fe3fc28f71431775abdf
14,"Used 2018 Hyundai Elantra GL for sale in Saskatoon, SK",2018,2018 Hyundai Elantra,Hyundai,White,Sedan,Used,21995,108813.0,Village Auto Sales,Saskatoon,SK,https://www.carpages.ca/used-cars/saskatchewan/saskatoon/2018-hyundai-elantra-10796955/,https://images.carpages.ca/inventory/10796955.388061331?w=320&h=240&q=75&s=e7a18fca173d812e6a6c8900d356278b
15,"Used 2018 Kia Forte LX for sale in Saskatoon, SK",2018,2018 Kia Forte,Kia,Black,Sedan,Used,19995,61434.0,Village Auto Sales,Saskatoon,SK,https://www.carpages.ca/used-cars/saskatchewan/saskatoon/2018-kia-forte-10796946/,https://images.carpages.ca/inventory/10796946.388061325?w=320&h=240&q=75&s=9e824e135ff1121f676ef53b8759a0c7
16,"New 2024 Volkswagen Jetta comfortline for sale in Surrey, BC",2024,2024 Volkswagen Jetta,Volkswagen,Black,Sedan,New,34145,20.0,White Rock Volkswagen,Surrey,BC,https://www.carpages.ca/new-cars/british-columbia/surrey/2024-volkswagen-jetta-10796883/,https://images.carpages.ca/inventory/10796883.388061124?w=320&h=240&q=75&s=0a27f7fed75107db30895e899d369f85
17,"Used 2021 Hyundai Elantra PREFERRED | LaneDep | BSM | Heated Seats | CarPlay for sale in Toronto, ON",2021,2021 Hyundai Elantra,Hyundai,White,Sedan,Used,23850,79000.0,AUTORAMA,Toronto,ON,https://www.carpages.ca/used-cars/ontario/toronto/2021-hyundai-elantra-10796874/,https://images.carpages.ca/inventory/10796874.388061682?w=320&h=240&q=75&s=0d8b65cff84eaf2609a4ebd0ecf7cf31
18,"Used 2016 Hyundai Elantra GL for sale in Cambridge, ON",2016,2016 Hyundai Elantra,Hyundai,Red,Sedan,Used,15900,98212.0,Groh Motors Ltd.,Cambridge,ON,https://www.carpages.ca/used-cars/ontario/cambridge/2016-hyundai-elantra-10796817/,https://images.carpages.ca/inventory/10796817.388060443?w=320&h=240&q=75&s=cf959896f990ba83e2ddec6ad601aaf4
19,"Used 2012 Honda Civic 4dr Auto LX for sale in North York, ON",2012,2012 Honda Civic,Honda,Silver,Sedan,Used,10950,128000.0,Antepli Cars,North York,ON,https://www.carpages.ca/used-cars/ontario/north-york/2012-honda-civic-10796799/,https://images.carpages.ca/inventory/10796799.388059981?w=320&h=240&q=75&s=a933271df9159b05d1fc7abd02593578
20,"Used 2009 Hyundai Elantra GLS for sale in Winnipeg, MB",2009,2009 Hyundai Elantra,Hyundai,Charcoal,Sedan,Used,8950,157000.0,Westside Sales,Winnipeg,MB,https://www.carpages.ca/used-cars/manitoba/winnipeg/2009-hyundai-elantra-10796793/,https://images.carpages.ca/inventory/10796793.388059906?w=320&h=240&q=75&s=4c532e8f9c3ed9fd7475982d55b65176
21,"Used 2021 Hyundai Elantra Preferred IVT w/Sun & Tech Package for sale in Brampton, ON",2021,2021 Hyundai Elantra,Hyundai,Black,Sedan,Used,22900,75600.0,#9 Auto Sales,Brampton,ON,https://www.carpages.ca/used-cars/ontario/brampton/2021-hyundai-elantra-10796769/,https://images.carpages.ca/inventory/10796769.388059573?w=320&h=240&q=75&s=12a6760096285962d5fd6bc6c60fa374
22,"Used 2013 Toyota Corolla 4DR SDN AUTO LE for sale in Guelph, ON",2013,2013 Toyota Corolla,Toyota,Gray,Sedan,Used,13995,122223.0,Linwood Auto Sales,Guelph,ON,https://www.carpages.ca/used-cars/ontario/guelph/2013-toyota-corolla-10796751/,https://images.carpages.ca/inventory/10796751.388059117?w=320&h=240&q=75&s=94534880f6b6bbeab611d33658a4ce97
23,"Used 2015 BMW 3 Series 320i xDrive/AWD/SUNROOF/LEATHER/BLUE/CERTIFIED for sale in Toronto, ON",2015,2015 BMW 3 Series,BMW,White,Sedan,Used,15999,139534.0,Lets Do This Auto Sales Inc.,Toronto,ON,https://www.carpages.ca/used-cars/ontario/toronto/2015-bmw-3-series-10796727/,https://images.carpages.ca/inventory/10796727.388059000?w=320&h=240&q=75&s=45831878691790654571ef9cfb0eff72
24,"Used 2014 Volkswagen Passat COMFORTLINE for sale in Milton, ON",2014,2014 Volkswagen Passat,Volkswagen,White,Sedan,Used,12950,141352.0,Reliance Auto Inc,Milton,ON,https://www.carpages.ca/used-cars/ontario/milton/2014-volkswagen-passat-10796718/,https://images.carpages.ca/inventory/10796718.388058742?w=320&h=240&q=75&s=ac72c1cacd04995ada2e8f2e756e3ca5
25,Used 2009 Ford Focus ,2009,2009 Ford Focus,Ford,Black,Sedan,Used,7999,130997.0,Kelly and Sons Auto,Ajax,ON,https://www.carpages.ca/used-cars/ontario/ajax/2009-ford-focus-10796667/,https://images.carpages.ca/inventory/10796667.388056960?w=320&h=240&q=75&s=205a48fd52aaceeeeaeff9be5a571c6b
26,"Used 2021 Hyundai Elantra Preferred IVT w/Sun & Tech Package for sale in Brampton, ON",2021,2021 Hyundai Elantra,Hyundai,Black,Sedan,Used,22900,75700.0,#9 Auto Sales,Brampton,ON,https://www.carpages.ca/used-cars/ontario/brampton/2021-hyundai-elantra-10796664/,https://images.carpages.ca/inventory/10796664.388056645?w=320&h=240&q=75&s=80e42c83f47b200cde5f6b77f4aa29c3
27,"Used 2021 Kia Forte EX  No Accident Sunroof Carplay Blindspot for sale in Mississauga, ON",2021,2021 Kia Forte,Kia,Grey,Sedan,Used,19995,83459.0,Tabangi Motors,Mississauga,ON,https://www.carpages.ca/used-cars/ontario/mississauga/2021-kia-forte-10796475/,https://images.carpages.ca/inventory/10796475.388042110?w=320&h=240&q=75&s=1e097b2f76758b26e574e65aa54867d6
28,"Used 2020 Audi A3 No Accident Sunroof Carplay Push Start for sale in Mississauga, ON",2020,2020 Audi A3,Audi,White,Sedan,Used,29995,31288.0,Tabangi Motors,Mississauga,ON,https://www.carpages.ca/used-cars/ontario/mississauga/2020-audi-a3-10796460/,https://images.carpages.ca/inventory/10796460.388041108?w=320&h=240&q=75&s=10792669fe933e7416d639ee8efde820
29,"Used 2022 Volkswagen Passat Limited Edition  Sunroof Carplay Blindspot for sale in Mississauga, ON",2022,2022 Volkswagen Passat,Volkswagen,Black,Sedan,Used,27995,59736.0,Tabangi Motors,Mississauga,ON,https://www.carpages.ca/used-cars/ontario/mississauga/2022-volkswagen-passat-10796445/,https://images.carpages.ca/inventory/10796445.388040553?w=320&h=240&q=75&s=dea72b102b34bd93d6e0dd352a613c7f
30,"Used 2019 BMW 3 Series 330i xDrive   No Accident 360CAM Driver Assist Carplay for sale in Mississauga, ON",2019,2019 BMW 3 Series,BMW,Grey,Sedan,Used,36995,57749.0,Tabangi Motors,Mississauga,ON,https://www.carpages.ca/used-cars/ontario/mississauga/2019-bmw-3-series-10796442/,https://images.carpages.ca/inventory/10796442.388040310?w=320&h=240&q=75&s=13047f3824ab78fe294e8e92f14a449c
31,"Used 2019 Audi A3 No Accident Sunroof Carplay Heated Seats for sale in Mississauga, ON",2019,2019 Audi A3,Audi,White,Sedan,Used,26995,70875.0,Tabangi Motors,Mississauga,ON,https://www.carpages.ca/used-cars/ontario/mississauga/2019-audi-a3-10796439/,https://images.carpages.ca/inventory/10796439.388040091?w=320&h=240&q=75&s=a18360fd97df6007edbb842d2a300958
32,"Used 2021 Tesla Model 3 Standard Range Plus  No Accident White Leather Autopilot for sale in Mississauga, ON",2021,2021 Tesla Model 3,Tesla,Red,Sedan,Used,41995,27810.0,Tabangi Motors,Mississauga,ON,https://www.carpages.ca/used-cars/ontario/mississauga/2021-tesla-model-3-10796433/,https://images.carpages.ca/inventory/10796433.388039461?w=320&h=240&q=75&s=ff17f7ff447e6798fc24a57f23430a89
33,"Used 2012 Hyundai Sonata Limited at for sale in Burnaby, BC",2012,2012 Hyundai Sonata,Hyundai,,Sedan,Used,10980,141620.0,OpenRoad Honda Burnaby,Burnaby,BC,https://www.carpages.ca/used-cars/british-columbia/burnaby/2012-hyundai-sonata-10796379/,https://images.carpages.ca/inventory/10796379.388034655?w=320&h=240&q=75&s=489cc6918280227cb9d88448344382d9
34,"Used 2020 Toyota Corolla 4-door Sedan SE CVT for sale in Richmond, BC",2020,2020 Toyota Corolla,Toyota,Silver,Sedan,Used,25995,36199.0,OpenRoad Toyota Richmond,Richmond,BC,https://www.carpages.ca/used-cars/british-columbia/richmond/2020-toyota-corolla-10796364/,https://images.carpages.ca/inventory/10796364.388031223?w=320&h=240&q=75&s=847db8e2da8f1101c206f804452de56e
35,"Used 2023 Toyota Camry SE AWD for sale in Richmond, BC",2023,2023 Toyota Camry,Toyota,Midnight Black (Met),Sedan,Used,34999,1631.0,OpenRoad Toyota Richmond,Richmond,BC,https://www.carpages.ca/used-cars/british-columbia/richmond/2023-toyota-camry-10796343/,https://images.carpages.ca/inventory/10796343.388029915?w=320&h=240&q=75&s=d1b9c1cec0daa195a9bacdbbfdfac591
36,"Used 2018 Honda Civic SEDAN Si for sale in Cayuga, ON",2018,2018 Honda Civic,Honda,Red,Sedan,Used,19495,163120.0,Haldimand Motors Ltd.,Cayuga,ON,https://www.carpages.ca/used-cars/ontario/cayuga/2018-honda-civic-10796331/,https://images.carpages.ca/inventory/10796331.388029792?w=320&h=240&q=75&s=ffd007d5a3ca5d13bd4821d7a1ac49e7
37,"Used 2017 Volkswagen Jetta WE APPROVE ALL CREDIT for sale in London, ON",2017,2017 Volkswagen Jetta,Volkswagen,White,Sedan,Used,12800,213000.0,Redline Auto Sales,London,ON,https://www.carpages.ca/used-cars/ontario/london/2017-volkswagen-jetta-10796166/,https://images.carpages.ca/inventory/10796166.388017624?w=320&h=240&q=75&s=0a06bef30d0d323992a19ce8f535890b
38,"Used 2010 Chrysler 300 AS IS. WE APPROVE ALL CREDIT for sale in London, ON",2010,2010 Chrysler 300,Chrysler,Grey,Sedan,Used,4800,148000.0,Redline Auto Sales,London,ON,https://www.carpages.ca/used-cars/ontario/london/2010-chrysler-300-10796163/,https://images.carpages.ca/inventory/10796163.388017540?w=320&h=240&q=75&s=f507a8e852d126319b9620a183ae6a7c
39,"Used 2019 Honda Civic SEDAN LX for sale in Port Moody, BC",2019,2019 Honda Civic,Honda,Silver,Sedan,Used,23400,56035.0,Westwood Honda,Port Moody,BC,https://www.carpages.ca/used-cars/british-columbia/port-moody/2019-honda-civic-10796121/,https://images.carpages.ca/inventory/10796121.388016457?w=320&h=240&q=75&s=a7f043512b620cf1a2f0c1bd4e55e56f
40,"Used 2018 Chevrolet Cruze LT BACKUP CAMERA BLINDSPOT DETECTION BLUETOOTH for sale in Calgary, AB",2018,2018 Chevrolet Cruze,Chevrolet,,Sedan,Used,15988,136986.0,Auto House,Calgary,AB,https://www.carpages.ca/used-cars/alberta/calgary/2018-chevrolet-cruze-10795962/,https://images.carpages.ca/inventory/10795962.388012122?w=320&h=240&q=75&s=7f3a674098cad559ae30113aade1918b
41,"Used 2009 Honda Civic EXL for sale in Calgary, AB",2009,2009 Honda Civic,Honda,,Sedan,Used,7488,274752.0,Auto House,Calgary,AB,https://www.carpages.ca/used-cars/alberta/calgary/2009-honda-civic-10795899/,https://images.carpages.ca/inventory/10795899.388011087?w=320&h=240&q=75&s=c2985c485fce5d3d5b04fe4690d15564
42,"Used 2009 Pontiac G6 *** AS-IS SALE *** YOU CERTIFY & YOU SAVE!!! *** Keyless Entry * Power Locks/Windows/Side View Mirrors * Traction Control * AM/FM/CD/AUX * for sale in Cambridge, ON",2009,2009 Pontiac G6,Pontiac,Gray,Sedan,Used,1300,311532.0,Eagle Auto Mall,Cambridge,ON,https://www.carpages.ca/used-cars/ontario/cambridge/2009-pontiac-g6-10795611/,https://images.carpages.ca/inventory/10795611.388002759?w=320&h=240&q=75&s=d87e3c2eceae0743ae11b2e878dc3797
43,"Used 2020 Hyundai Elantra Luxury Leather, Sunroof, CarPlay+Android, Rear Camera, Heated Seats+Steering & Much More! for sale in Guelph, ON",2020,2020 Hyundai Elantra,Hyundai,Iron Gray,Sedan,Used,23888,50000.0,Mark Wilson's Better Used Cars,Guelph,ON,https://www.carpages.ca/used-cars/ontario/guelph/2020-hyundai-elantra-10795527/,https://images.carpages.ca/inventory/10795527.387996963?w=320&h=240&q=75&s=63eaa4e28ec32a1d2022558021001d31
44,"Used 2017 Chevrolet Malibu GREAT KM'S LS-EDITION 5 PASSENGER 1.5L - DOHC.. TOUCH SCREEN DISPLAY.. BACK-UP CAMERA.. BLUETOOTH SYSTEM.. KEYLESS ENTRY.. for sale in Bradford, ON",2017,2017 Chevrolet Malibu,Chevrolet,White,Sedan,Used,17995,37000.0,Broadway Auto Sales,Bradford,ON,https://www.carpages.ca/used-cars/ontario/bradford/2017-chevrolet-malibu-10795482/,https://images.carpages.ca/inventory/10795482.387995022?w=320&h=240&q=75&s=fb051558ba5b4cbaad63711f2ef1cd34
45,"Used 2016 Honda Civic SEDAN LX for sale in Sudbury, ON",2016,2016 Honda Civic,Honda,Modern Steel Metallic,Sedan,Used,17743,115140.0,Palladino Honda,Sudbury,ON,https://www.carpages.ca/used-cars/ontario/sudbury/2016-honda-civic-10795395/,https://images.carpages.ca/inventory/10795395.387991206?w=320&h=240&q=75&s=06efb9c5f5ae069aa28078738f1ea7a2
46,"Used 2020 Hyundai Ioniq Hybrid Preferred TOIT*B-ZONE*CRUISE*CAMÉRA* for sale in Québec, QC",2020,2020 Hyundai Ioniq Hybrid,Hyundai,Bleu,Sedan,Used,26127,59103.0,Kia Val-Bélair,Québec,QC,https://www.carpages.ca/used-cars/quebec/quebec/2020-hyundai-ioniq-hybrid-10795263/,https://images.carpages.ca/inventory/10795263.387988704?w=320&h=240&q=75&s=6ab67a1a698da4b1c0406dc9d81189d9
47,"Used 2015 Toyota Yaris LE A/C*VITRES ÉLECTRIQUES*BLUETOOTH*CRUISE* for sale in Québec, QC",2015,2015 Toyota Yaris,Toyota,Rouge,Sedan,Used,13597,95064.0,Kia Val-Bélair,Québec,QC,https://www.carpages.ca/used-cars/quebec/quebec/2015-toyota-yaris-10795251/,https://images.carpages.ca/inventory/10795251.387988455?w=320&h=240&q=75&s=e1eaea8502d41d6ec649345479d80750
48,"Used 2016 Ford F-150  for sale in Courtenay, BC",2016,2016 Ford F-150,Ford,White,Sedan,Used,24998,121400.0,Courtenay Kia,Courtenay,BC,https://www.carpages.ca/used-cars/british-columbia/courtenay/2016-ford-f-150-10795098/,https://images.carpages.ca/inventory/10795098.387978180?w=320&h=240&q=75&s=32c730ea8c13b7100f5658630b2f780f
49,"Used 2014 Mazda MAZDA3 GS-SKY for sale in Abbotsford, BC",2014,2014 Mazda MAZDA3,Mazda,,Sedan,Used,12317,187321.0,Abbotsford Chrysler,Abbotsford,BC,https://www.carpages.ca/used-cars/british-columbia/abbotsford/2014-mazda-mazda3-10794846/,https://images.carpages.ca/inventory/10794846.387967473?w=320&h=240&q=75&s=93f2d5246855141abaabfe3d4d7b21ce
0,"Used 2019 Mazda MAZDA6 GS-L for sale in Vancouver, BC",2019,2019 Mazda MAZDA6,Mazda,Snowflake White Pearl,Sedan,Used,24995,62216.0,Destination Mazda,Vancouver,BC,https://www.carpages.ca/used-cars/british-columbia/vancouver/2019-mazda-mazda6-10794462/,https://images.carpages.ca/inventory/10794462.387957567?w=320&h=240&q=75&s=8dc512eeb32db06c006416922aaeb100
1,"Used 2018 Toyota Corolla LE for sale in Vancouver, BC",2018,2018 Toyota Corolla,Toyota,White,Sedan,Used,20995,46983.0,Destination Mazda,Vancouver,BC,https://www.carpages.ca/used-cars/british-columbia/vancouver/2018-toyota-corolla-10794459/,https://images.carpages.ca/inventory/10794459.387957360?w=320&h=240&q=75&s=fdc2058d15abe5bc279ba467eb81644c
2,"Used 2018 Mazda MAZDA6 SIGNATURE for sale in Vancouver, BC",2018,2018 Mazda MAZDA6,Mazda,Snowflake White Pearl,Sedan,Used,25995,30186.0,Destination Mazda,Vancouver,BC,https://www.carpages.ca/used-cars/british-columbia/vancouver/2018-mazda-mazda6-10794456/,https://images.carpages.ca/inventory/10794456.387957315?w=320&h=240&q=75&s=7329f02d37c4837ac67b7e40fa9df233
3,"Used 2018 Toyota Avalon LIMITED | LEATHER | SUNROOF | NAV | ONLY 41,617KM! for sale in Brantford, ON",2018,2018 Toyota Avalon,Toyota,Beige,Sedan,Used,29888,41617.0,Car Nation Canada,Brantford,ON,https://www.carpages.ca/used-cars/ontario/brantford/2018-toyota-avalon-10794414/,https://images.carpages.ca/inventory/10794414.387956895?w=320&h=240&q=75&s=a02c4234552215cb7b33592d6221e8f1
4,"Used 2013 Chevrolet Cruze EXCELLENT CONDITION MUST SEE WE FINANCE ALL CREDIT for sale in London, ON",2013,2013 Chevrolet Cruze,Chevrolet,SUMMIT WHITE,Sedan,Used,9995,167202.0,5 Star Dealer Group,London,ON,https://www.carpages.ca/used-cars/ontario/london/2013-chevrolet-cruze-10794363/,https://images.carpages.ca/inventory/10794363.387956331?w=320&h=240&q=75&s=b200b9092d8957ea098bdbd5ed36eb04
5,"Used 2014 Chevrolet Cruze SUNROOF! MINT! MUST SEE! WE FINANCE ALL CREDIT! for sale in London, ON",2014,2014 Chevrolet Cruze,Chevrolet,Black Granite Metallic,Sedan,Used,12495,142791.0,5 Star Dealer Group,London,ON,https://www.carpages.ca/used-cars/ontario/london/2014-chevrolet-cruze-10794357/,https://images.carpages.ca/inventory/10794357.387956325?w=320&h=240&q=75&s=ed1867ff135ee8bb4002dad2a55e26ea
6,"Used 2020 Nissan Sentra SR for sale in Medicine Hat, AB",2020,2020 Nissan Sentra,Nissan,ELECTRIC BLUE,Sedan,Used,21999,56081.0,Medicine Hat Nissan,Medicine Hat,AB,https://www.carpages.ca/used-cars/alberta/medicine-hat/2020-nissan-sentra-10794189/,https://images.carpages.ca/inventory/10794189.387952629?w=320&h=240&q=75&s=c3a85165d581579704e3ea9f851ae1b0
7,"Used 2019 Nissan Altima 2.5 SV for sale in Medicine Hat, AB",2019,2019 Nissan Altima,Nissan,Pearl White,Sedan,Used,22999,132.0,Medicine Hat Nissan,Medicine Hat,AB,https://www.carpages.ca/used-cars/alberta/medicine-hat/2019-nissan-altima-10794183/,https://images.carpages.ca/inventory/10794183.387952257?w=320&h=240&q=75&s=01c55649d6676649f20a614354747753
8,"Used 2020 Honda Civic Sport|Certified|HtdSeats|RmtStart|Local|Carplay for sale in Brandon, MB",2020,2020 Honda Civic,Honda,Platinum White Pearl,Sedan,Used,31995,32117.0,Forman Honda,Brandon,MB,https://www.carpages.ca/used-cars/manitoba/brandon/2020-honda-civic-10794141/,https://images.carpages.ca/inventory/10794141.387949347?w=320&h=240&q=75&s=911f36f9461b0958a293172bedfcb9cc
9,"Used 2009 Chevrolet Malibu 2LT for sale in Whitby, ON",2009,2009 Chevrolet Malibu,Chevrolet,Grey,Sedan,Used,2800,204636.0,Whitby Toyota,Whitby,ON,https://www.carpages.ca/used-cars/ontario/whitby/2009-chevrolet-malibu-10794111/,https://images.carpages.ca/inventory/10794111.387949254?w=320&h=240&q=75&s=cafa9901583f89b33751b02c75343d97
10,"Used 2016 Honda Civic Sedan EX, CARPLAY, TOIT OUVRANT, DEMARREUR DISTANCE for sale in Saint-Hubert, QC",2016,2016 Honda Civic,Honda,White Orchid Pearl,Sedan,Used,17450,115836.0,Auto Flash BFH,Saint-Hubert,QC,https://www.carpages.ca/used-cars/quebec/saint-hubert/2016-honda-civic-10794087/,https://images.carpages.ca/inventory/10794087.387948126?w=320&h=240&q=75&s=34d604c1521fbaca4ece7301ecae26db
11,"Used 2020 BMW 8 Series M850i Gran Coupe|XDRIVE|NAV|3DCAM|REDLEATHER|HUD|+ for sale in North York, ON",2020,2020 BMW 8 Series,BMW,Black,Sedan,Used,75995,55792.0,Favorit Motors,North York,ON,https://www.carpages.ca/used-cars/ontario/north-york/2020-bmw-8-series-10794051/,https://images.carpages.ca/inventory/10794051.387946443?w=320&h=240&q=75&s=fe604f40abdf0419f82b99777aeae98e
12,"Used 2019 Honda CR-V LX for sale in Amherst, NS",2019,2019 Honda CR-V,Honda,White,Sedan,Used,26766,81947.0,Cumberland Honda,Amherst,NS,https://www.carpages.ca/used-cars/nova-scotia/amherst/2019-honda-cr-v-10793940/,https://images.carpages.ca/inventory/10793940.387942981?w=320&h=240&q=75&s=62d95d164546bea4e7b9f0e4b3aa4f6f
13,"Used 2014 Volkswagen Jetta 4dr 2.0 TDI DSG Trendline+ for sale in Hillsburgh, ON",2014,2014 Volkswagen Jetta,Volkswagen,Black,Sedan,Used,11999,145500.0,Cars and Cars Autos,Hillsburgh,ON,https://www.carpages.ca/used-cars/ontario/hillsburgh/2014-volkswagen-jetta-10793931/,https://images.carpages.ca/inventory/10793931.387942831?w=320&h=240&q=75&s=dfe03bf31a56d7591b4eb3058ffc38d2
14,"New 2024 Kia Forte EX for sale in Chatham, ON",2024,2024 Kia Forte,Kia,Grey,Sedan,New,24795,29.0,Lally Kia,Chatham,ON,https://www.carpages.ca/new-cars/ontario/chatham/2024-kia-forte-10793868/,https://images.carpages.ca/inventory/10793868.387940614?w=320&h=240&q=75&s=79333c6551e565a8ff3d80221262efd6
15,"Used 2020 Hyundai Elantra Preferred w/Sun & Safety Package WRAPPED!! for sale in Sarnia, ON",2020,2020 Hyundai Elantra,Hyundai,Black,Sedan,Used,20999,60100.0,AutoMax Sarnia,Sarnia,ON,https://www.carpages.ca/used-cars/ontario/sarnia/2020-hyundai-elantra-10793844/,https://images.carpages.ca/inventory/10793844.387940257?w=320&h=240&q=75&s=ed13c9ac5cbb67f0a4d74bc0fc9e8de8
16,"Used 2014 Volkswagen Jetta TRENDLINE+ for sale in Hillsburgh, ON",2014,2014 Volkswagen Jetta,Volkswagen,Black,Sedan,Used,11999,145466.0,Verma Motors,Hillsburgh,ON,https://www.carpages.ca/used-cars/ontario/hillsburgh/2014-volkswagen-jetta-10793769/,https://images.carpages.ca/inventory/10793769.387938460?w=320&h=240&q=75&s=30834874cbab817b755a8f8d372d6414
17,"Used 2009 Lexus IS 250 AS TRADED | IS250 | MANUAL | LEATHER | SUNROOF | for sale in Kitchener, ON",2009,2009 Lexus IS 250,Lexus,Grey,Sedan,Used,7000,225021.0,Kitchener Hyundai,Kitchener,ON,https://www.carpages.ca/used-cars/ontario/kitchener/2009-lexus-is-250-10793607/,https://images.carpages.ca/inventory/10793607.387936171?w=320&h=240&q=75&s=d8b2662881b33e29f5b606114bee7b3f
18,"New 2023 Chrysler 300 C for sale in Surrey, BC",2023,2023 Chrysler 300,Chrysler,White,Sedan,New,83500,12.0,Langley Chrysler,Surrey,BC,https://www.carpages.ca/new-cars/british-columbia/surrey/2023-chrysler-300-10793517/,https://images.carpages.ca/inventory/10793517.387935094?w=320&h=240&q=75&s=f63cbc765a2a6321c9d55712b9db3fab
19,"Used 2023 Infiniti QX80 ProActive AWD | DVD | Heated/Cooling seats | Apple CarPlay for sale in Winnipeg, MB",2023,2023 Infiniti QX80,Infiniti,Black Obsidian,Sedan,Used,78991,13626.0,Birchwood Infiniti,Winnipeg,MB,https://www.carpages.ca/used-cars/manitoba/winnipeg/2023-infiniti-qx80-10793061/,https://images.carpages.ca/inventory/10793061.387924525?w=320&h=240&q=75&s=dc445650fbd5d78f5f6366854cdad778
20,"Used 2019 Toyota Corolla 4dr Sdn CVT LE for sale in Pickering, ON",2019,2019 Toyota Corolla,Toyota,Magnetic Grey,Sedan,Used,21995,75436.0,Pickering Toyota,Pickering,ON,https://www.carpages.ca/used-cars/ontario/pickering/2019-toyota-corolla-10792986/,https://images.carpages.ca/inventory/10792986.387923592?w=320&h=240&q=75&s=4b79597b942bef48b694272d522f5f8e
21,"Used 2008 Chrysler 300 TOURING*ALLOYS*RUNS GREAT*AS IS SPECIAL for sale in London, ON",2008,2008 Chrysler 300,Chrysler,Gold,Sedan,Used,3495,213856.0,Tiger Auto Sales Ltd.,London,ON,https://www.carpages.ca/used-cars/ontario/london/2008-chrysler-300-10792917/,https://images.carpages.ca/inventory/10792917.387922857?w=320&h=240&q=75&s=eff9e1964f402fc9ae1fc76ae99897d7
22,"Used 2012 Subaru Impreza 2.0i for sale in Calgary, AB",2012,2012 Subaru Impreza,Subaru,Purple,Sedan,Used,4995,277814.0,Regal Auctions Ltd.,Calgary,AB,https://www.carpages.ca/used-cars/alberta/calgary/2012-subaru-impreza-10792911/,https://images.carpages.ca/inventory/10792911.387922767?w=320&h=240&q=75&s=5b2a13bcf50d369d25e67cb4a46870ac
23,"Used 2007 BMW 3 Series 323I*SEDAN*AUTO*ALLOYS*LEATHER*AS IS SPECIAL for sale in London, ON",2007,2007 BMW 3 Series,BMW,Grey,Sedan,Used,4495,230366.0,Tiger Auto Sales Ltd.,London,ON,https://www.carpages.ca/used-cars/ontario/london/2007-bmw-3-series-10792872/,https://images.carpages.ca/inventory/10792872.387921858?w=320&h=240&q=75&s=9f61d69c3cc2c741c1cded5ae8b5a8da
24,"Used 2022 Kia K5 GT for sale in Calgary, AB",2022,2022 Kia K5,Kia,Black,Sedan,Used,36500,15864.0,Regal Auctions Ltd.,Calgary,AB,https://www.carpages.ca/used-cars/alberta/calgary/2022-kia-k5-10792860/,https://images.carpages.ca/inventory/10792860.387921177?w=320&h=240&q=75&s=36eefcaa43dfc00843892f11ce55892c
25,"Used 2006 Acura TL *V6*LEAETHER*LOADED*ONLY 160KMS*AS IS SPECIAL for sale in London, ON",2006,2006 Acura TL,Acura,Grey,Sedan,Used,3995,160592.0,Tiger Auto Sales Ltd.,London,ON,https://www.carpages.ca/used-cars/ontario/london/2006-acura-tl-10792845/,https://images.carpages.ca/inventory/10792845.387920538?w=320&h=240&q=75&s=58dcd22dc7e83f13da0556e587012c44
26,"Used 2002 Toyota Corolla CE*AUTO*4 CYL*RELIABLE*AS IS SPECIAL for sale in London, ON",2002,2002 Toyota Corolla,Toyota,Blue,Sedan,Used,3495,200355.0,Tiger Auto Sales Ltd.,London,ON,https://www.carpages.ca/used-cars/ontario/london/2002-toyota-corolla-10792842/,https://images.carpages.ca/inventory/10792842.387920490?w=320&h=240&q=75&s=6661af8ccaffb0870d22295ba21581bb
27,"Used 2021 Hyundai Sonata 2.5L PREFERRED for sale in Brampton, ON",2021,2021 Hyundai Sonata,Hyundai,Black,Sedan,Used,25900,75100.0,#9 Auto Sales,Brampton,ON,https://www.carpages.ca/used-cars/ontario/brampton/2021-hyundai-sonata-10792830/,https://images.carpages.ca/inventory/10792830.387919248?w=320&h=240&q=75&s=5f68b03a958e8ebc25ea6e3833872aae
28,"Used 2008 BMW 3 Series 4dr Sdn 335xi AWD for sale in Winnipeg, MB",2008,2008 BMW 3 Series,BMW,Charcoal,Sedan,Used,12950,132121.0,Westside Sales,Winnipeg,MB,https://www.carpages.ca/used-cars/manitoba/winnipeg/2008-bmw-3-series-10792824/,https://images.carpages.ca/inventory/10792824.388057674?w=320&h=240&q=75&s=9a260dbf913eb4b85d15f7dbfba80428
29,"Used 2021 Toyota Corolla LE CVT SUNROOF for sale in Brampton, ON",2021,2021 Toyota Corolla,Toyota,Blue,Sedan,Used,23900,80000.0,#9 Auto Sales,Brampton,ON,https://www.carpages.ca/used-cars/ontario/brampton/2021-toyota-corolla-10792821/,https://images.carpages.ca/inventory/10792821.387919026?w=320&h=240&q=75&s=3b7acc45f8cdafc4f37bb75e961d8970
30,"Used 2017 Honda Civic 4dr Cvt Lx for sale in Brampton, ON",2017,2017 Honda Civic,Honda,Silver,Sedan,Used,16900,153800.0,#9 Auto Sales,Brampton,ON,https://www.carpages.ca/used-cars/ontario/brampton/2017-honda-civic-10792818/,https://images.carpages.ca/inventory/10792818.387918756?w=320&h=240&q=75&s=9457f0d778ac2fa6a0235b29ca835a3e
31,"Used 2010 Mitsubishi Lancer GTS for sale in Cobourg, ON",2010,2010 Mitsubishi Lancer,Mitsubishi,Black,Sedan,Used,7199,211867.0,True North Auto Brokers,Cobourg,ON,https://www.carpages.ca/used-cars/ontario/cobourg/2010-mitsubishi-lancer-10792815/,https://images.carpages.ca/inventory/10792815.387919017?w=320&h=240&q=75&s=f9581dcf14c7d23e7af333146627e910
32,"Used 2019 Honda Civic LX+Adaptive Cruise+LaneKeep+ApplePlay+CLEAN CARFAX for sale in London, ON",2019,2019 Honda Civic,Honda,Black,Sedan,Used,23999,49000.0,Sport Motors,London,ON,https://www.carpages.ca/used-cars/ontario/london/2019-honda-civic-10792791/,https://images.carpages.ca/inventory/10792791.387918102?w=320&h=240&q=75&s=a0c689fa6392a15fe7f59b90042cab69
33,Used 2011 Cadillac CTS ,2011,2011 Cadillac CTS,Cadillac,Burgundy,Sedan,Used,9999,175598.0,Kelly and Sons Auto,Ajax,ON,https://www.carpages.ca/used-cars/ontario/ajax/2011-cadillac-cts-10792788/,https://images.carpages.ca/inventory/10792788.387917802?w=320&h=240&q=75&s=c8b13aa88e1f1ce49913daa3d2514331
34,"Used 2017 Buick Regal 4dr Sdn Premium I AWD for sale in Oakville, ON",2017,2017 Buick Regal,Buick,White,Sedan,Used,22900,104000.0,Twin Oaks Auto,Oakville,ON,https://www.carpages.ca/used-cars/ontario/oakville/2017-buick-regal-10792755/,https://images.carpages.ca/inventory/10792755.387917232?w=320&h=240&q=75&s=1162ebfce505807f5c351d13eed7f0c8
35,"Used 2020 Toyota Corolla LE for sale in Welland, ON",2020,2020 Toyota Corolla,Toyota,White,Sedan,Used,23499,69764.0,Welland Toyota,Welland,ON,https://www.carpages.ca/used-cars/ontario/welland/2020-toyota-corolla-10792686/,https://images.carpages.ca/inventory/10792686.387915747?w=320&h=240&q=75&s=2428054a5de6c09e0f2319bf7ab377c6
36,"Used 2017 Toyota Camry XSE V6 for sale in Welland, ON",2017,2017 Toyota Camry,Toyota,White,Sedan,Used,23499,128625.0,Welland Toyota,Welland,ON,https://www.carpages.ca/used-cars/ontario/welland/2017-toyota-camry-10792683/,https://images.carpages.ca/inventory/10792683.387915717?w=320&h=240&q=75&s=ac5d2efdafcdde7efc480b613674071d
37,"Used 2023 Kia Stinger GT Elite w/Black Interior for sale in Welland, ON",2023,2023 Kia Stinger,Kia,White,Sedan,Used,48499,14192.0,Welland Toyota,Welland,ON,https://www.carpages.ca/used-cars/ontario/welland/2023-kia-stinger-10792680/,https://images.carpages.ca/inventory/10792680.387915681?w=320&h=240&q=75&s=4b875b01d1271850d4ab2c18849c2e54
38,"Used 2017 Honda Civic LX BACK UP CAM- CLEAN CARFAX for sale in Kingston, ON",2017,2017 Honda Civic,Honda,Dark Grey,Sedan,Used,18495,131010.0,Autohouse Kingston,Kingston,ON,https://www.carpages.ca/used-cars/ontario/kingston/2017-honda-civic-10792659/,https://images.carpages.ca/inventory/10792659.387915180?w=320&h=240&q=75&s=7c724f25f17b3fc13497f0de2ab78265
39,"Used 2017 Ford Fusion Energi SE Luxury SE LUXURY LEATHER HYBRID for sale in Chatham, ON",2017,2017 Ford Fusion,Ford,Blue,Sedan,Used,18530,122672.0,Chatham Chrysler,Chatham,ON,https://www.carpages.ca/used-cars/ontario/chatham/2017-ford-fusion-10792620/,https://images.carpages.ca/inventory/10792620.387913953?w=320&h=240&q=75&s=7e6168a64ca6f7398dd772ed6bee5069
40,"Used 2013 Ford Fusion 4dr Sdn SE FWD for sale in Winnipeg, MB",2013,2013 Ford Fusion,Ford,Brown,Sedan,Used,13495,197500.0,The Car Guy Inc,Winnipeg,MB,https://www.carpages.ca/used-cars/manitoba/winnipeg/2013-ford-fusion-10792596/,https://images.carpages.ca/inventory/10792596.387914148?w=320&h=240&q=75&s=f89f87e9dbbe805789f29ed178425a72
41,"Used 2015 Buick Verano  for sale in Kelowna, BC",2015,2015 Buick Verano,Buick,White,Sedan,Used,12998,144086.0,Okanagan Drives Credit,Kelowna,BC,https://www.carpages.ca/used-cars/british-columbia/kelowna/2015-buick-verano-10792575/,https://images.carpages.ca/inventory/10792575.387939042?w=320&h=240&q=75&s=16dda53995115d50aa70616e49ce7019
42,"Used 2015 Nissan Micra 4dr HB Auto SR for sale in Brantford, ON",2015,2015 Nissan Micra,Nissan,White,Sedan,Used,15999,40879.0,Brant County Ford,Brantford,ON,https://www.carpages.ca/used-cars/ontario/brantford/2015-nissan-micra-10792551/,https://images.carpages.ca/inventory/10792551.387911730?w=320&h=240&q=75&s=45519c60026c85be2966a4df452cc733
43,"Used 2015 Mazda MAZDA3 NAVI|BACKUP CAM|HEATED SEATS|LOADED| for sale in Oakville, ON",2015,2015 Mazda MAZDA3,Mazda,Grey,Sedan,Used,12488,138453.0,S.S. Auto Group,Oakville,ON,https://www.carpages.ca/used-cars/ontario/oakville/2015-mazda-mazda3-10792536/,https://images.carpages.ca/inventory/10792536.387911559?w=320&h=240&q=75&s=9c9a1a5dcf82853c81c2c153951a96e9
44,"Used 2014 Toyota Camry LE | SUNROOF | BACKUP CAM | $0 DOWN for sale in Calgary, AB",2014,2014 Toyota Camry,Toyota,Blue,Sedan,Used,22988,65721.0,GT Motor Sports Calgary,Calgary,AB,https://www.carpages.ca/used-cars/alberta/calgary/2014-toyota-camry-10792533/,https://images.carpages.ca/inventory/10792533.387911388?w=320&h=240&q=75&s=9afbebe79463268ff2e5cc2f130faedb
45,"Used 2019 MINI Cooper Countryman Cooper S ALL4 for sale in Brantford, ON",2019,2019 MINI Cooper Countryman,MINI,Blue,Sedan,Used,29999,63214.0,Brant County Ford,Brantford,ON,https://www.carpages.ca/used-cars/ontario/brantford/2019-mini-cooper-countryman-10792530/,https://images.carpages.ca/inventory/10792530.387917871?w=320&h=240&q=75&s=765b0661a93a4c9384270ceb3e06daea
46,"Used 2013 Chrysler 300 Touring 3.6L V6 Sunroof Well Oiled Only 139000 KMS for sale in Gorrie, ON",2013,2013 Chrysler 300,Chrysler,Maroon,Sedan,Used,14988,139620.0,Pentastic Motors,Gorrie,ON,https://www.carpages.ca/used-cars/ontario/gorrie/2013-chrysler-300-10792524/,https://images.carpages.ca/inventory/10792524.387911205?w=320&h=240&q=75&s=4437c930d51e9ee6164518418c8eb4b2
47,"Used 2012 Chevrolet Malibu 4dr Sdn LS for sale in Brantford, ON",2012,2012 Chevrolet Malibu,Chevrolet,Silver,Sedan,Used,10599,99587.0,Brant County Ford,Brantford,ON,https://www.carpages.ca/used-cars/ontario/brantford/2012-chevrolet-malibu-10792521/,https://images.carpages.ca/inventory/10792521.387910947?w=320&h=240&q=75&s=2f6387b8f142f667359e1262fffeff46
48,"Used 2010 Chevrolet Impala LS for sale in Harriston, ON",2010,2010 Chevrolet Impala,Chevrolet,White,Sedan,Used,1500,299000.0,Leslie Motors Ltd.,Harriston,ON,https://www.carpages.ca/used-cars/ontario/harriston/2010-chevrolet-impala-10792506/,https://images.carpages.ca/inventory/10792506.387910824?w=320&h=240&q=75&s=d1f7151131739c3399f3f4159594782b
0,"Used 2020 Honda Civic LX MODEL, REARVIEW CAMERA, HEATED SEATS, BLUETOOTH for sale in North York, ON",2020,2020 Honda Civic,Honda,White,Sedan,Used,22999,121237.0,Car Canada Finance,North York,ON,https://www.carpages.ca/used-cars/ontario/north-york/2020-honda-civic-10792464/,https://images.carpages.ca/inventory/10792464.387909747?w=320&h=240&q=75&s=755bfbb27bceccd64b561ba3383a43b1
1,"Used 2018 Hyundai Elantra Sport Manual  LEATHER/SUNROOF!! for sale in Barrie, ON",2018,2018 Hyundai Elantra,Hyundai,Orange,Sedan,Used,17995,112000.0,Eckert Auto Sales,Barrie,ON,https://www.carpages.ca/used-cars/ontario/barrie/2018-hyundai-elantra-10792401/,https://images.carpages.ca/inventory/10792401.387908496?w=320&h=240&q=75&s=48fd7971d1bedaf7f340a2966fb220f2
2,"Used 2015 Chevrolet Cruze LTZ NAV | BACKUP CAM | PIONEER AUDIO | SUNROOF | LEATHER for sale in Mississauga, ON",2015,2015 Chevrolet Cruze,Chevrolet,Blue,Sedan,Used,10990,171979.0,The Humberview Group,Mississauga,ON,https://www.carpages.ca/used-cars/ontario/mississauga/2015-chevrolet-cruze-10792380/,https://images.carpages.ca/inventory/10792380.387907725?w=320&h=240&q=75&s=ce34af80678d19c04ee257eb22131499
3,"Used 2018 BMW 3 Series 330i xDrive Navi Camera Highly Optioned for sale in Kitchener, ON",2018,2018 BMW 3 Series,BMW,Black,Sedan,Used,25880,86733.0,Redline Motors,Kitchener,ON,https://www.carpages.ca/used-cars/ontario/kitchener/2018-bmw-3-series-10792371/,https://images.carpages.ca/inventory/10792371.387907530?w=320&h=240&q=75&s=a90cf9a4a33899ef603a0294423d7d93
4,"Used 2007 Ford Fusion SEL for sale in Harriston, ON",2007,2007 Ford Fusion,Ford,Merlot Clearcoat Metallic,Sedan,Used,2000,249000.0,Leslie Motors Ltd.,Harriston,ON,https://www.carpages.ca/used-cars/ontario/harriston/2007-ford-fusion-10792365/,https://images.carpages.ca/inventory/10792365.387907467?w=320&h=240&q=75&s=de4af35f974127b2f314a566d4ee474c
5,"Used 2019 BMW 3 Series 330i xDrive M Sport Highly Optioned One Owner for sale in Kitchener, ON",2019,2019 BMW 3 Series,BMW,Black,Sedan,Used,30880,101766.0,Redline Motors,Kitchener,ON,https://www.carpages.ca/used-cars/ontario/kitchener/2019-bmw-3-series-10792329/,https://images.carpages.ca/inventory/10792329.387907218?w=320&h=240&q=75&s=ea96e8508988066ef25d9ac20b274956
6,"Used 2019 BMW 3 Series 330i xDrive Navi Camera Highly Optioned One Owner for sale in Kitchener, ON",2019,2019 BMW 3 Series,BMW,Blue,Sedan,Used,32880,77647.0,Redline Motors,Kitchener,ON,https://www.carpages.ca/used-cars/ontario/kitchener/2019-bmw-3-series-10792290/,https://images.carpages.ca/inventory/10792290.387906705?w=320&h=240&q=75&s=a71eb0e09a3faacf3d807f556c82c091
7,"Used 2020 Honda Civic LX MODEL, REARVIEW CAMERA, HEATED SEATS, BLUETOOTH for sale in Toronto, ON",2020,2020 Honda Civic,Honda,White,Sedan,Used,22999,121237.0,Good Fellows Auto Wholesalers,Toronto,ON,https://www.carpages.ca/used-cars/ontario/toronto/2020-honda-civic-10792284/,https://images.carpages.ca/inventory/10792284.387906555?w=320&h=240&q=75&s=5c921b14dbc93397a2d0a020af48ecaa
8,"Used 2015 Honda Civic 4dr Auto EX for sale in Surrey, BC",2015,2015 Honda Civic,Honda,Black,Sedan,Used,18599,107419.0,H2H Auto Group,Surrey,BC,https://www.carpages.ca/used-cars/british-columbia/surrey/2015-honda-civic-10792272/,https://images.carpages.ca/inventory/10792272.387906759?w=320&h=240&q=75&s=73c8990feb4c9b884ee0a39ce86262eb
9,"Used 2018 Infiniti Q50 3.0T Sport for sale in Kitchener, ON",2018,2018 Infiniti Q50,Infiniti,Gray,Sedan,Used,25995,87000.0,Vendora Credit Inc,Kitchener,ON,https://www.carpages.ca/used-cars/ontario/kitchener/2018-infiniti-q50-10792266/,https://images.carpages.ca/inventory/10792266.388057896?w=320&h=240&q=75&s=742527a4c67c48a9c76b2b4ce18b4faf
10,"Used 2018 Infiniti Q50 3.0T Sport for sale in Ancaster, ON",2018,2018 Infiniti Q50,Infiniti,Gray,Sedan,Used,25995,87000.0,Village Auto of Ancaster,Ancaster,ON,https://www.carpages.ca/used-cars/ontario/ancaster/2018-infiniti-q50-10792254/,https://images.carpages.ca/inventory/10792254.388056735?w=320&h=240&q=75&s=f7af810b9e08f8aeb55e223f63a3ab92
11,"Used 2019 Chevrolet Malibu 4dr Sdn LT w/1LT for sale in Winnipeg, MB",2019,2019 Chevrolet Malibu,Chevrolet,White,Sedan,Used,19995,200900.0,The Car Guy Inc,Winnipeg,MB,https://www.carpages.ca/used-cars/manitoba/winnipeg/2019-chevrolet-malibu-10792245/,https://images.carpages.ca/inventory/10792245.387905907?w=320&h=240&q=75&s=4689ac2ab531a3f01262ca3f240d153c
12,"Used 2011 Chevrolet Malibu 4dr Sdn LS, LOW KM'S for sale in Orillia, ON",2011,2011 Chevrolet Malibu,Chevrolet,Blue,Sedan,Used,9995,83066.0,Auto Choice Sales,Orillia,ON,https://www.carpages.ca/used-cars/ontario/orillia/2011-chevrolet-malibu-10792149/,https://images.carpages.ca/inventory/10792149.387902241?w=320&h=240&q=75&s=0e6a50ee74282c9a3bcd361974929ee3
13,"Used 2013 Ford Taurus SEL+Heated Leather+Roof+CAM+New Tires+CLEAN CARFAX for sale in London, ON",2013,2013 Ford Taurus,Ford,Gray,Sedan,Used,9999,146000.0,Sport Motors,London,ON,https://www.carpages.ca/used-cars/ontario/london/2013-ford-taurus-10792125/,https://images.carpages.ca/inventory/10792125.387899919?w=320&h=240&q=75&s=3190c0ade4cc0e8c12ca137adfdbf4c4
14,"Used 2015 Nissan Sentra SV *HEATED SEATS* for sale in Kitchener, ON",2015,2015 Nissan Sentra,Nissan,Charcoal,Sedan,Used,11950,117972.0,Quality Car Sales,Kitchener,ON,https://www.carpages.ca/used-cars/ontario/kitchener/2015-nissan-sentra-10792107/,https://images.carpages.ca/inventory/10792107.387899088?w=320&h=240&q=75&s=6f36d848a3d405ed4215d63b142db9df
15,"Used 2015 Kia Forte LX *BLUETOOTH* for sale in Kitchener, ON",2015,2015 Kia Forte,Kia,White,Sedan,Used,12950,143117.0,Quality Car Sales,Kitchener,ON,https://www.carpages.ca/used-cars/ontario/kitchener/2015-kia-forte-10792095/,https://images.carpages.ca/inventory/10792095.387898644?w=320&h=240&q=75&s=21c5f67a07cdb039d632655faf6fcd26
16,"Used 2014 Kia Forte LX *BLUETOOTH* for sale in Kitchener, ON",2014,2014 Kia Forte,Kia,White,Sedan,Used,12950,114480.0,Quality Car Sales,Kitchener,ON,https://www.carpages.ca/used-cars/ontario/kitchener/2014-kia-forte-10792080/,https://images.carpages.ca/inventory/10792080.387898284?w=320&h=240&q=75&s=204f696cfd748490c528ae262cec2119
17,"Used 2019 Hyundai Elantra GT Luxury for sale in North York, ON",2019,2019 Hyundai Elantra GT,Hyundai,White,Sedan,Used,17980,132045.0,AA Canada Inc,North York,ON,https://www.carpages.ca/used-cars/ontario/north-york/2019-hyundai-elantra-gt-10792074/,https://images.carpages.ca/inventory/10792074.387898200?w=320&h=240&q=75&s=913e035f064a3f967f31a0d2737113c3
18,"Used 2018 Hyundai Elantra GL SE for sale in Oshawa, ON",2018,2018 Hyundai Elantra,Hyundai,Black,Sedan,Used,18999,140706.0,Garden Street Auto Sales Ltd.,Oshawa,ON,https://www.carpages.ca/used-cars/ontario/oshawa/2018-hyundai-elantra-10792050/,https://images.carpages.ca/inventory/10792050.387897558?w=320&h=240&q=75&s=5be153152c5f573447a6ab040075b45a
19,"Used 2012 Chevrolet Impala 4DR SDN LS Financing Clean CarFax Trades Welcome! for sale in Rockwood, ON",2012,2012 Chevrolet Impala,Chevrolet,Black,Sedan,Used,11111,78000.0,Rockwood Motor Products,Rockwood,ON,https://www.carpages.ca/used-cars/ontario/rockwood/2012-chevrolet-impala-10792029/,https://images.carpages.ca/inventory/10792029.387896946?w=320&h=240&q=75&s=e3cbabc539a686d3738bf7bbf7416e6e
20,"Used 2015 Nissan Sentra 4DR SDN CVT SV for sale in Oakville, ON",2015,2015 Nissan Sentra,Nissan,Grey,Sedan,Used,11995,129556.0,Terminal Motors,Oakville,ON,https://www.carpages.ca/used-cars/ontario/oakville/2015-nissan-sentra-10792017/,https://images.carpages.ca/inventory/10792017.387896577?w=320&h=240&q=75&s=7db29862e613d14b3933b7dfc2c54ef7
21,"Used 2022 Toyota Corolla LE CVT for sale in Vancouver, BC",2022,2022 Toyota Corolla,Toyota,Super White,Sedan,Used,30761,16091.0,OpenRoad Subaru Boundary,Vancouver,BC,https://www.carpages.ca/used-cars/british-columbia/vancouver/2022-toyota-corolla-10792008/,https://images.carpages.ca/inventory/10792008.387895638?w=320&h=240&q=75&s=555362aee005b907cac1908804c38a8f
22,Used 2014 Chevrolet Cruze ,2014,2014 Chevrolet Cruze,Chevrolet,Blue,Sedan,Used,7999,199990.0,Kelly and Sons Auto,Ajax,ON,https://www.carpages.ca/used-cars/ontario/ajax/2014-chevrolet-cruze-10791936/,https://images.carpages.ca/inventory/10791936.387892353?w=320&h=240&q=75&s=f86df5185a71d345df8d6e4c4076ef13
23,"Used 2019 Kia Stinger GT for sale in Cayuga, ON",2019,2019 Kia Stinger,Kia,Black,Sedan,Used,29995,104656.0,Haldimand Motors Ltd.,Cayuga,ON,https://www.carpages.ca/used-cars/ontario/cayuga/2019-kia-stinger-10791924/,https://images.carpages.ca/inventory/10791924.387888228?w=320&h=240&q=75&s=38aa410b10f72400f855cfc13790e245
24,"New 2024 Honda Civic Sedan Sport for sale in St. John's, NL",2024,2024 Honda Civic,Honda,Crystal Black Pearl,Sedan,New,32680,29.0,Steele Auto Group,St. John's,NL,https://www.carpages.ca/new-cars/newfoundland-and-labrador/st-john-s/2024-honda-civic-10791774/,https://images.carpages.ca/inventory/10791774.388021368?w=320&h=240&q=75&s=cbc16f95827839fd52956e5084d3d68e
25,"New 2024 Honda Civic Sedan Sport for sale in St. John's, NL",2024,2024 Honda Civic,Honda,Rallye Red,Sedan,New,32680,9.0,Steele Auto Group,St. John's,NL,https://www.carpages.ca/new-cars/newfoundland-and-labrador/st-john-s/2024-honda-civic-10791771/,https://images.carpages.ca/inventory/10791771.388021260?w=320&h=240&q=75&s=04bf6d0032cc4243c8b930b45be0ecbd
26,"New 2024 Honda Civic Sedan Sport for sale in St. John's, NL",2024,2024 Honda Civic,Honda,Rallye Red,Sedan,New,32680,29.0,Steele Auto Group,St. John's,NL,https://www.carpages.ca/new-cars/newfoundland-and-labrador/st-john-s/2024-honda-civic-10791768/,https://images.carpages.ca/inventory/10791768.388021119?w=320&h=240&q=75&s=5ac22c4c870daa4b176b15778b4f8952
27,"New 2024 Honda Civic Sedan Sport for sale in St. John's, NL",2024,2024 Honda Civic,Honda,Rallye Red,Sedan,New,32680,25.0,Steele Auto Group,St. John's,NL,https://www.carpages.ca/new-cars/newfoundland-and-labrador/st-john-s/2024-honda-civic-10791765/,https://images.carpages.ca/inventory/10791765.388021035?w=320&h=240&q=75&s=7f803350d4f746fd83ed3f7318de9c55
28,"New 2024 Honda Civic Sedan EX for sale in St. John's, NL",2024,2024 Honda Civic,Honda,Crystal Black Pearl,Sedan,New,31580,25.0,Steele Auto Group,St. John's,NL,https://www.carpages.ca/new-cars/newfoundland-and-labrador/st-john-s/2024-honda-civic-10791762/,https://images.carpages.ca/inventory/10791762.388020945?w=320&h=240&q=75&s=d22e338963acb01aa5b948e9c1af9ecc
29,"New 2024 Honda Civic Sedan EX for sale in St. John's, NL",2024,2024 Honda Civic,Honda,Crystal Black Pearl,Sedan,New,31580,29.0,Steele Auto Group,St. John's,NL,https://www.carpages.ca/new-cars/newfoundland-and-labrador/st-john-s/2024-honda-civic-10791759/,https://images.carpages.ca/inventory/10791759.388020861?w=320&h=240&q=75&s=63419e11caa1e9074236121f869f6714
30,"New 2024 Honda Civic Sedan LX-B for sale in St. John's, NL",2024,2024 Honda Civic,Honda,Platinum White Pearl,Sedan,New,28720,29.0,Steele Auto Group,St. John's,NL,https://www.carpages.ca/new-cars/newfoundland-and-labrador/st-john-s/2024-honda-civic-10791756/,https://images.carpages.ca/inventory/10791756.388020816?w=320&h=240&q=75&s=bbcaa15a2e4a186e5bc56f487aa04d75
31,"New 2024 Honda Civic Sedan LX-B for sale in St. John's, NL",2024,2024 Honda Civic,Honda,Crystal Black Pearl,Sedan,New,28720,29.0,Steele Auto Group,St. John's,NL,https://www.carpages.ca/new-cars/newfoundland-and-labrador/st-john-s/2024-honda-civic-10791753/,https://images.carpages.ca/inventory/10791753.388020768?w=320&h=240&q=75&s=93dafbf67073be2cb3639161c10f95c4
32,"New 2024 Honda Civic Sedan LX-B for sale in St. John's, NL",2024,2024 Honda Civic,Honda,Meteoroid Grey Metallic,Sedan,New,28720,25.0,Steele Auto Group,St. John's,NL,https://www.carpages.ca/new-cars/newfoundland-and-labrador/st-john-s/2024-honda-civic-10791750/,https://images.carpages.ca/inventory/10791750.388020735?w=320&h=240&q=75&s=b1afcd54ee9ac1ffbadc2fc4989b1385
33,"New 2024 Honda Civic Sedan Touring for sale in St. John's, NL",2024,2024 Honda Civic,Honda,Meteoroid Grey Metallic,Sedan,New,36430,9.0,Steele Auto Group,St. John's,NL,https://www.carpages.ca/new-cars/newfoundland-and-labrador/st-john-s/2024-honda-civic-10791747/,https://images.carpages.ca/inventory/10791747.388020630?w=320&h=240&q=75&s=4886ad0d19ef41c1b42669f9eb53dec8
34,"New 2024 Honda Civic SI Sedan BASE for sale in St. John's, NL",2024,2024 Honda Civic,Honda,Rallye Red,Sedan,New,37560,25.0,Steele Auto Group,St. John's,NL,https://www.carpages.ca/new-cars/newfoundland-and-labrador/st-john-s/2024-honda-civic-10791744/,https://images.carpages.ca/inventory/10791744.388020087?w=320&h=240&q=75&s=b073db5d7c7dade9af0329a0f7772c39
35,"Used 2020 Hyundai Elantra Preferred, Heated Steering + Seats, Blind Spot Alert, CarPlay + Android, Bluetooth & More! for sale in Guelph, ON",2020,2020 Hyundai Elantra,Hyundai,Typhoon Silver,Sedan,Used,21998,40200.0,Mark Wilson's Better Used Cars,Guelph,ON,https://www.carpages.ca/used-cars/ontario/guelph/2020-hyundai-elantra-10791576/,https://images.carpages.ca/inventory/10791576.387875427?w=320&h=240&q=75&s=c3b7dc007172b63a0ba5d37803751782
36,"Used 2021 Lexus ES ES 300h, Hybrid, Ultra Luxury Pkg, Mark Levinson Audio, Leather, Sunroof, Navigation & More! for sale in Guelph, ON",2021,2021 Lexus ES,Lexus,Black,Sedan,Used,41988,75000.0,Mark Wilson's Better Used Cars,Guelph,ON,https://www.carpages.ca/used-cars/ontario/guelph/2021-lexus-es-10791570/,https://images.carpages.ca/inventory/10791570.387875397?w=320&h=240&q=75&s=4668c26f5bc960a612d7e181f1fd3c96
37,"Used 2020 Honda Civic Sedan Sport Sunroof Front Heated Seats Lane Keeping Assist for sale in Thornhill, ON",2020,2020 Honda Civic,Honda,Black,Sedan,Used,26498,41636.0,CarHub North York Chrysler,Thornhill,ON,https://www.carpages.ca/used-cars/ontario/thornhill/2020-honda-civic-10791537/,https://images.carpages.ca/inventory/10791537.387871821?w=320&h=240&q=75&s=aac56bf1acc1c62f7a7df369fd129574
38,"Used 2007 Buick Allure CX for sale in Shellbrook, SK",2007,2007 Buick Allure,Buick,,Sedan,Used,2990,308000.0,Shellbrook Chevrolet Buick GMC Ltd,Shellbrook,SK,https://www.carpages.ca/used-cars/saskatchewan/shellbrook/2007-buick-allure-10791480/,https://images.carpages.ca/inventory/10791480.387870651?w=320&h=240&q=75&s=89d38dd98bd931f7d9905593ab0d4b61
39,"New 2023 Chevrolet Bolt EV 1LT for sale in London, ON",2023,2023 Chevrolet Bolt,Chevrolet,Black,Sedan,New,41490,,MacMaster Chevrolet,London,ON,https://www.carpages.ca/new-cars/ontario/london/2023-chevrolet-bolt-10791420/,https://images.carpages.ca/inventory/10791420.387913332?w=320&h=240&q=75&s=92aa71c7a53243904d8327beb68979be
40,"Used 2019 Tesla Model 3 LONG RANGE - FULL SELF DRIVING for sale in Oakville, ON",2019,2019 Tesla Model 3,Tesla,White,Sedan,Used,39888,105000.0,Roger's Motors,Oakville,ON,https://www.carpages.ca/used-cars/ontario/oakville/2019-tesla-model-3-10791129/,https://images.carpages.ca/inventory/10791129.387858213?w=320&h=240&q=75&s=25e991df27058eeedd4a211baaedd0e3
41,"Used 2018 Toyota Corolla SE - HTD SEATS - REVERSE CAM - TECH FEATURES for sale in Oakville, ON",2018,2018 Toyota Corolla,Toyota,Gray,Sedan,Used,20888,78000.0,Roger's Motors,Oakville,ON,https://www.carpages.ca/used-cars/ontario/oakville/2018-toyota-corolla-10791126/,https://images.carpages.ca/inventory/10791126.387858126?w=320&h=240&q=75&s=551225272fa91f827acac800837c17f1
42,"Used 2016 Hyundai Sonata Sunroof * Touchscreen Infotainment Display System * Keyless Entry * Heated Seats * Leather Steering Wheel * Heated Steering Wheel * Push To Start Igni for sale in Cambridge, ON",2016,2016 Hyundai Sonata,Hyundai,Blue,Sedan,Used,13995,153530.0,Lebada Motors,Cambridge,ON,https://www.carpages.ca/used-cars/ontario/cambridge/2016-hyundai-sonata-10791105/,https://images.carpages.ca/inventory/10791105.387856803?w=320&h=240&q=75&s=15add3ef94f533c2d1830219f5a6085f
43,"Used 2013 Kia Optima EX**LOADED*HEATED/COOLED SEATS*PANO ROOF*HEATED WH for sale in Hamilton, ON",2013,2013 Kia Optima,Kia,Silver,Sedan,Used,13495,74642.0,Wayne's Auto World,Hamilton,ON,https://www.carpages.ca/used-cars/ontario/hamilton/2013-kia-optima-10791096/,https://images.carpages.ca/inventory/10791096.387854808?w=320&h=240&q=75&s=d682ce9d6803100430c4bd5d5ed166b1
44,"Used 2007 Lexus ES Base for sale in Mississauga, ON",2007,2007 Lexus ES,Lexus,Blue,Sedan,Used,9933,160815.0,Danny and Sons Auto Sales,Mississauga,ON,https://www.carpages.ca/used-cars/ontario/mississauga/2007-lexus-es-10791078/,https://images.carpages.ca/inventory/10791078.387854124?w=320&h=240&q=75&s=3707fa8e39fbe06f9efba960a34c92c6
45,"New 2024 Nissan Kicks SV for sale in Yarmouth, NS",2024,2024 Nissan Kicks,Nissan,SUPER BLACK(KH3),Sedan,New,26828,,Yarmouth Nissan,Yarmouth,NS,https://www.carpages.ca/new-cars/nova-scotia/yarmouth/2024-nissan-kicks-10791042/,https://images.carpages.ca/inventory/10791042.387850710?w=320&h=240&q=75&s=456f012f7b621de399d833f721e5636c
46,"New 2024 Nissan Kicks S for sale in Yarmouth, NS",2024,2024 Nissan Kicks,Nissan,FRESH POWDER(QM1),Sedan,New,24228,,Yarmouth Nissan,Yarmouth,NS,https://www.carpages.ca/new-cars/nova-scotia/yarmouth/2024-nissan-kicks-10791039/,https://images.carpages.ca/inventory/10791039.387850446?w=320&h=240&q=75&s=81c868091b185aaf0f422f4db9f03fc1
47,"Used 2020 Mazda CX-30 GS AWD*B-ZONE*SIÈGES CHAUFFANTS*CRUISE* for sale in Québec, QC",2020,2020 Mazda CX-30,Mazda,Bleu,Sedan,Used,25817,68995.0,Kia Val-Bélair,Québec,QC,https://www.carpages.ca/used-cars/quebec/quebec/2020-mazda-cx-30-10791006/,https://images.carpages.ca/inventory/10791006.387988239?w=320&h=240&q=75&s=30a38e0448c538595ebd51d1bb3bd1a2
48,"Used 2018 Kia Forte5 LX+ Auto | HEATED SEATS | BLUETOOTH | A/C for sale in Oakville, ON",2018,2018 Kia Forte5,Kia,White,Sedan,Used,18980,70823.0,Lockwood Kia,Oakville,ON,https://www.carpages.ca/used-cars/ontario/oakville/2018-kia-forte5-10790826/,https://images.carpages.ca/inventory/10790826.387837636?w=320&h=240&q=75&s=e2b91033345d7b018a46a32a7827785e
49,"Used 2019 Toyota Corolla LE  - Heated Seats -  LED Lights for sale in Kanata, ON",2019,2019 Toyota Corolla,Toyota,Gray,Sedan,Used,22495,57887.0,Myers Automotive Group,Kanata,ON,https://www.carpages.ca/used-cars/ontario/kanata/2019-toyota-corolla-10790496/,https://images.carpages.ca/inventory/10790496.387827172?w=320&h=240&q=75&s=b4148fa917a04c8a87dc517bc0cffd83
0,"Used 2018 Hyundai Elantra GL SE for sale in Niagara Falls, ON",2018,2018 Hyundai Elantra,Hyundai,,Sedan,Used,15995,122368.0,Cardinal Kia,Niagara Falls,ON,https://www.carpages.ca/used-cars/ontario/niagara-falls/2018-hyundai-elantra-10790475/,https://images.carpages.ca/inventory/10790475.387826698?w=320&h=240&q=75&s=62927cd3a7e60604c30fb8f4b91cfadb
1,"Used 2020 Kia Forte EX+ IVT for sale in Niagara Falls, ON",2020,2020 Kia Forte,Kia,,Sedan,Used,20995,103341.0,Cardinal Kia,Niagara Falls,ON,https://www.carpages.ca/used-cars/ontario/niagara-falls/2020-kia-forte-10790442/,https://images.carpages.ca/inventory/10790442.387826116?w=320&h=240&q=75&s=609bed17de95e058ccb37224c44b6cab
2,"New 2024 Kia Forte GT-Line IVT for sale in Niagara Falls, ON",2024,2024 Kia Forte,Kia,Gravity Grey,Sedan,New,34384,,Cardinal Kia,Niagara Falls,ON,https://www.carpages.ca/new-cars/ontario/niagara-falls/2024-kia-forte-10790439/,https://images.carpages.ca/inventory/10790439.387826104?w=320&h=240&q=75&s=9141b0cd5cab5fb49d354eb8853b84b2
3,"Used 2014 Buick Verano LEATHER  - $163 B/W - Low Mileage for sale in Ottawa, ON",2014,2014 Buick Verano,Buick,,Sedan,Used,13898,80868.0,Myers Automotive Group,Ottawa,ON,https://www.carpages.ca/used-cars/ontario/ottawa/2014-buick-verano-10790379/,https://images.carpages.ca/inventory/10790379.387962271?w=320&h=240&q=75&s=1f52ebba09aa3f95c105287285439257
4,"Used 2019 Nissan Altima Platinum  - Sunroof -  Heated Seats for sale in Ottawa, ON",2019,2019 Nissan Altima,Nissan,,Sedan,Used,26995,30309.0,Myers Automotive Group,Ottawa,ON,https://www.carpages.ca/used-cars/ontario/ottawa/2019-nissan-altima-10790268/,https://images.carpages.ca/inventory/10790268.387821136?w=320&h=240&q=75&s=27692e144d7ee04a6e40af104cfcc83a
5,"Used 2012 Honda Civic Sedan LX  - Bluetooth -  A/C for sale in Ottawa, ON",2012,2012 Honda Civic,Honda,,Sedan,Used,9495,200109.0,Myers Automotive Group,Ottawa,ON,https://www.carpages.ca/used-cars/ontario/ottawa/2012-honda-civic-10790265/,https://images.carpages.ca/inventory/10790265.387821097?w=320&h=240&q=75&s=8e5005affd260fd9b8a0faea0b2c889a
6,"Used 2017 Honda Civic Sedan LX  - A/C -  Bluetooth for sale in Ottawa, ON",2017,2017 Honda Civic,Honda,,Sedan,Used,19495,146646.0,Myers Automotive Group,Ottawa,ON,https://www.carpages.ca/used-cars/ontario/ottawa/2017-honda-civic-10790262/,https://images.carpages.ca/inventory/10790262.387821001?w=320&h=240&q=75&s=0a0d1e4d5eab878b14f0cc75fa5f7d3a
7,"Used 2018 Mazda MAZDA3 GS for sale in Scarborough, ON",2018,2018 Mazda MAZDA3,Mazda,Blue,Sedan,Used,20836,100334.0,Scarboro Mazda,Scarborough,ON,https://www.carpages.ca/used-cars/ontario/scarborough/2018-mazda-mazda3-10790238/,https://images.carpages.ca/inventory/10790238.387819546?w=320&h=240&q=75&s=935f70590fc487bb1975c9546a297c3b
8,"Used 2020 Ford Transit Connect CARGO VAN| DUAL SLIDING DOORS | REAR CAM |1 OWNER for sale in Brantford, ON",2020,2020 Ford Transit Connect,Ford,Frozen White,Sedan,Used,31888,73373.0,Car Nation Canada,Brantford,ON,https://www.carpages.ca/used-cars/ontario/brantford/2020-ford-transit-connect-10790208/,https://images.carpages.ca/inventory/10790208.387815961?w=320&h=240&q=75&s=5bce30d65be022b00e6eeee19a14262b
9,"Used 2016 Honda Civic Sedan CERTIFIED VERY CLEAN CAR  WE FINANCE ALL CREDIT for sale in London, ON",2016,2016 Honda Civic,Honda,Crystal Black Pearl,Sedan,Used,22495,100534.0,5 Star Dealer Group,London,ON,https://www.carpages.ca/used-cars/ontario/london/2016-honda-civic-10790151/,https://images.carpages.ca/inventory/10790151.387956268?w=320&h=240&q=75&s=7e8158f6d10c64f0663394a85e379757
10,"Used 2018 Chevrolet Cruze HEATED SEATS R-CAM  LOADED! WE FINANCE ALL CREDIT for sale in London, ON",2018,2018 Chevrolet Cruze,Chevrolet,SUMMIT WHITE,Sedan,Used,23495,99250.0,5 Star Dealer Group,London,ON,https://www.carpages.ca/used-cars/ontario/london/2018-chevrolet-cruze-10790139/,https://images.carpages.ca/inventory/10790139.387956208?w=320&h=240&q=75&s=62a0f7a601f8ed0c6c86f30d0eea129b
11,"Used 2019 Ford Fusion NAV LEATHER H-SEATS LOADED! WE FINANCE ALL CREDIT! for sale in London, ON",2019,2019 Ford Fusion,Ford,Agate Black,Sedan,Used,26995,102481.0,5 Star Dealer Group,London,ON,https://www.carpages.ca/used-cars/ontario/london/2019-ford-fusion-10790130/,https://images.carpages.ca/inventory/10790130.387956139?w=320&h=240&q=75&s=d8edef58a779823b3a3b97334a4ed085
12,"Used 2023 Chevrolet Malibu 1LT| BACK UP CAMERA| HEATED SEATS| for sale in Burlington, ON",2023,2023 Chevrolet Malibu,Chevrolet,SUMMIT WHITE,Sedan,Used,28988,14018.0,Car Nation Canada,Burlington,ON,https://www.carpages.ca/used-cars/ontario/burlington/2023-chevrolet-malibu-10790121/,https://images.carpages.ca/inventory/10790121.387813816?w=320&h=240&q=75&s=511731c302bbd90afaa2dbcdca70ca37
13,"Used 2015 Dodge Charger SXT RWD Navigation Sunroof Heated Front Seats for sale in St Catharines, ON",2015,2015 Dodge Charger,Dodge,Granite Crystal Metallic,Sedan,Used,15995,136902.0,Two Guys Quality Cars,St Catharines,ON,https://www.carpages.ca/used-cars/ontario/st-catharines/2015-dodge-charger-10790118/,https://images.carpages.ca/inventory/10790118.387952242?w=320&h=240&q=75&s=5135f49a62412678177ce68e24a08282
14,"New 2024 Mazda MAZDA3 Sport GX for sale in Sherwood Park, AB",2024,2024 Mazda MAZDA3,Mazda,Blue[Deep Crystal Blue Mica],Sedan,New,27071.25,10.0,Park Mazda,Sherwood Park,AB,https://www.carpages.ca/new-cars/alberta/sherwood-park/2024-mazda-mazda3-10790109/,https://images.carpages.ca/inventory/10790109.387813531?w=320&h=240&q=75&s=4f1bf5cb394443e3b30b54f3617180ea
15,"New 2024 Mazda MAZDA3 Sport GX for sale in Sherwood Park, AB",2024,2024 Mazda MAZDA3,Mazda,Black[Jet Black Mica],Sedan,New,27071.25,10.0,Park Mazda,Sherwood Park,AB,https://www.carpages.ca/new-cars/alberta/sherwood-park/2024-mazda-mazda3-10790079/,https://images.carpages.ca/inventory/10790079.387813459?w=320&h=240&q=75&s=11b24258dc3b0f51659b0bdb64c072a3
16,"New 2024 Mazda MAZDA3 GT for sale in Sherwood Park, AB",2024,2024 Mazda MAZDA3,Mazda,Gray[Machine Grey Metallic],Sedan,New,39521.25,10.0,Park Mazda,Sherwood Park,AB,https://www.carpages.ca/new-cars/alberta/sherwood-park/2024-mazda-mazda3-10790058/,https://images.carpages.ca/inventory/10790058.387813402?w=320&h=240&q=75&s=2ef8eec3d34f1e1a863ac2843bcab8fd
17,"Used 2020 Acura TLX ELITE A-SPEC V6 AWD| RED LEATHER| 360 CAM| SUNROOF for sale in Ottawa, ON",2020,2020 Acura TLX,Acura,Platinum White Pearl,Sedan,Used,32958,104523.0,Car-On Auto Sales,Ottawa,ON,https://www.carpages.ca/used-cars/ontario/ottawa/2020-acura-tlx-10790028/,https://images.carpages.ca/inventory/10790028.387812688?w=320&h=240&q=75&s=3a46cbd3829919dcf90ed4f6028246a1
18,"Used 2016 Chevrolet Cruze LT AUTOMATIC**4CYL**FRESH SAFETY for sale in Winnipeg, MB",2016,2016 Chevrolet Cruze,Chevrolet,,Sedan,Used,15900,152760.0,West Perimeter Auto Centre,Winnipeg,MB,https://www.carpages.ca/used-cars/manitoba/winnipeg/2016-chevrolet-cruze-10789920/,https://images.carpages.ca/inventory/10789920.387807528?w=320&h=240&q=75&s=511742427307be68f4ee2a0020ec083c
19,"Used 2010 Mazda MAZDA3 GX ~A/C ~Alloy Wheels ~AM/FM Stereo ~Sunroof for sale in Barrie, ON",2010,2010 Mazda MAZDA3,Mazda,Aluminum Metallic Mica,Sedan,Used,9990,173582.0,G.D. Coates Used Car Superstore,Barrie,ON,https://www.carpages.ca/used-cars/ontario/barrie/2010-mazda-mazda3-10789917/,https://images.carpages.ca/inventory/10789917.387807498?w=320&h=240&q=75&s=50ce350f1a8ffd429a73df12b7fd64b7
20,"Used 2021 Chrysler 300 300 Touring L AWD for sale in Barrie, ON",2021,2021 Chrysler 300,Chrysler,Silver Mist,Sedan,Used,35990,83988.0,G.D. Coates Used Car Superstore,Barrie,ON,https://www.carpages.ca/used-cars/ontario/barrie/2021-chrysler-300-10789914/,https://images.carpages.ca/inventory/10789914.387807474?w=320&h=240&q=75&s=420ab49ccf5872c618fb10de9708d1ea
21,"Used 2019 Honda Odyssey EX, 8 PASSAGERS, PORTES ELECTRIQUES, CARPLAY for sale in Saint-Hubert, QC",2019,2019 Honda Odyssey,Honda,Modern Steel Metallic,Sedan,Used,35888,28183.0,Auto Flash BFH,Saint-Hubert,QC,https://www.carpages.ca/used-cars/quebec/saint-hubert/2019-honda-odyssey-10789899/,https://images.carpages.ca/inventory/10789899.387806943?w=320&h=240&q=75&s=70c0fa45a47c682db4b3259cf44447de
22,"Used 2018 Mazda MAZDA3 Gs|HtdSeats|Camera|Local|Clean|50MPG for sale in Brandon, MB",2018,2018 Mazda MAZDA3,Mazda,Jet Black Mica,Sedan,Used,25995,38063.0,Forman Honda,Brandon,MB,https://www.carpages.ca/used-cars/manitoba/brandon/2018-mazda-mazda3-10789893/,https://images.carpages.ca/inventory/10789893.387806577?w=320&h=240&q=75&s=8a335921afbc2ce96b279bb6a033adcd
23,"Used 2018 Nissan Altima 2.5 SV Sedan for sale in Surrey, BC",2018,2018 Nissan Altima,Nissan,Gun Metallic,Sedan,Used,18500,107933.0,Jim Pattison Auto Group,Surrey,BC,https://www.carpages.ca/used-cars/british-columbia/surrey/2018-nissan-altima-10789869/,https://images.carpages.ca/inventory/10789869.387805362?w=320&h=240&q=75&s=9645adc8738dd6ed56d9506b2e381945
24,"Used 2021 Hyundai Elantra Preferred IVT|SUNPKG|TECHPKG|HEATEDSEATS|BACKUPCAM for sale in North York, ON",2021,2021 Hyundai Elantra,Hyundai,Fiery Red,Sedan,Used,24987,85004.0,Favorit Motors,North York,ON,https://www.carpages.ca/used-cars/ontario/north-york/2021-hyundai-elantra-10789851/,https://images.carpages.ca/inventory/10789851.387803835?w=320&h=240&q=75&s=c9528280feb98b45a8225b5977b69b6b
25,"Used 2021 Hyundai Elantra Preferred IVT|SUNPKG|TECHPKG|HEATEDSEATS|BACKUPCAM for sale in North York, ON",2021,2021 Hyundai Elantra,Hyundai,Polar White,Sedan,Used,24587,92659.0,Favorit Motors,North York,ON,https://www.carpages.ca/used-cars/ontario/north-york/2021-hyundai-elantra-10789848/,https://images.carpages.ca/inventory/10789848.387803604?w=320&h=240&q=75&s=d7da4fd0002874657945555f72c1236b
26,"Used 2018 Tesla Model 3 LONG RANGE|FULLSELFDRIVING|ALLOYS|NAV|BACKUPCAM|++ for sale in North York, ON",2018,2018 Tesla Model 3,Tesla,Red,Sedan,Used,37995,110282.0,Favorit Motors,North York,ON,https://www.carpages.ca/used-cars/ontario/north-york/2018-tesla-model-3-10789845/,https://images.carpages.ca/inventory/10789845.387802998?w=320&h=240&q=75&s=d1c0dbb4de059e638cb777de02418dee
27,"Used 2021 Porsche Taycan 4S | EXPOSED CARBON FIBER KIT | 19 IN WHEELS for sale in Vaughan, ON",2021,2021 Porsche Taycan,Porsche,Mamba Green Metallic,Sedan,Used,107910,34194.0,Toronto Auto Brokers,Vaughan,ON,https://www.carpages.ca/used-cars/ontario/vaughan/2021-porsche-taycan-10789833/,https://images.carpages.ca/inventory/10789833.387802221?w=320&h=240&q=75&s=64ef0cb8db0324d883103a3626686eb6
28,"New 2024 Hyundai Venue PREFERRED for sale in North Bay, ON",2024,2024 Hyundai Venue,Hyundai,ULTIMATE RED W/BLACK ROOF,Sedan,New,25524,25.0,Neddy's North Bay Hyundai,North Bay,ON,https://www.carpages.ca/new-cars/ontario/north-bay/2024-hyundai-venue-10789659/,https://images.carpages.ca/inventory/10789659.387796590?w=320&h=240&q=75&s=0b0e662ba9045bcdb1d9920ffc72b580
29,"New 2023 Hyundai Elantra Hybrid Luxury for sale in North Bay, ON",2023,2023 Hyundai Elantra,Hyundai,Amazon Grey,Sedan,New,31424,25.0,Neddy's North Bay Hyundai,North Bay,ON,https://www.carpages.ca/new-cars/ontario/north-bay/2023-hyundai-elantra-10789650/,https://images.carpages.ca/inventory/10789650.387796518?w=320&h=240&q=75&s=7dba98fbd2be25a1d44b1f9ddd749ae5
30,"New 2024 Hyundai Venue PREFERRED for sale in North Bay, ON",2024,2024 Hyundai Venue,Hyundai,Shimmering Silver w/Black Roof,Sedan,New,25524,25.0,Neddy's North Bay Hyundai,North Bay,ON,https://www.carpages.ca/new-cars/ontario/north-bay/2024-hyundai-venue-10789590/,https://images.carpages.ca/inventory/10789590.387796035?w=320&h=240&q=75&s=c1cc1064c107c60c03cf74134a4995dc
31,"Used 2020 Kia Forte EX+ | Must See Low Kms!! for sale in Oakville, ON",2020,2020 Kia Forte,Kia,Black,Sedan,Used,23144,46319.0,Oak-Land Ford,Oakville,ON,https://www.carpages.ca/used-cars/ontario/oakville/2020-kia-forte-10789398/,https://images.carpages.ca/inventory/10789398.387940560?w=320&h=240&q=75&s=48c69fed6ba30dcf8427885b5523b8ae
32,"Used 2022 Nissan Sentra SV Special Edition | Winter Tire Set Included for sale in Winnipeg, MB",2022,2022 Nissan Sentra,Nissan,Super Black,Sedan,Used,27992,14000.0,Birchwood Hyundai,Winnipeg,MB,https://www.carpages.ca/used-cars/manitoba/winnipeg/2022-nissan-sentra-10789005/,https://images.carpages.ca/inventory/10789005.387787569?w=320&h=240&q=75&s=d267fb35a1d07873d3d8c6d0225f30bd
33,"New 2024 MINI Cooper Countryman Cooper S for sale in Winnipeg, MB",2024,2024 MINI Cooper Countryman,MINI,Nanuq White,Sedan,New,49768,90.0,Winnipeg Mini,Winnipeg,MB,https://www.carpages.ca/new-cars/manitoba/winnipeg/2024-mini-cooper-countryman-10788999/,https://images.carpages.ca/inventory/10788999.387787431?w=320&h=240&q=75&s=88f9b8f6b433f3f4280b9744d1dba94c
34,"Used 2020 Toyota Corolla 4-door Sedan LE CVT for sale in Mississauga, ON",2020,2020 Toyota Corolla,Toyota,Super White,Sedan,Used,24995,50285.0,The Humberview Group,Mississauga,ON,https://www.carpages.ca/used-cars/ontario/mississauga/2020-toyota-corolla-10788996/,https://images.carpages.ca/inventory/10788996.387787353?w=320&h=240&q=75&s=07f4a40ab0fccef91e5567154028cded
35,"New 2024 MINI Cooper Countryman Cooper S for sale in Winnipeg, MB",2024,2024 MINI Cooper Countryman,MINI,Nanuq White,Sedan,New,49768,90.0,Winnipeg Mini,Winnipeg,MB,https://www.carpages.ca/new-cars/manitoba/winnipeg/2024-mini-cooper-countryman-10788990/,https://images.carpages.ca/inventory/10788990.387787332?w=320&h=240&q=75&s=ed1039922e222ec82c081939293b35e4
36,"Used 2010 Subaru Legacy Ltd Awd for sale in Brantford, ON",2010,2010 Subaru Legacy,Subaru,,Sedan,Used,4600,245000.0,J.Domotor Enterprises,Brantford,ON,https://www.carpages.ca/used-cars/ontario/brantford/2010-subaru-legacy-10788549/,https://images.carpages.ca/inventory/10788549.387782436?w=320&h=240&q=75&s=85c249af4e9c055c8c78fc7928dcb12e
37,"Used 2009 BMW 5 Series 528i xDrive for sale in North York, ON",2009,2009 BMW 5 Series,BMW,Blue,Sedan,Used,9950,217611.0,Vision Fine Cars,North York,ON,https://www.carpages.ca/used-cars/ontario/north-york/2009-bmw-5-series-10788270/,https://images.carpages.ca/inventory/10788270.387767589?w=320&h=240&q=75&s=2dea74d8f4d13e552308dcd084c7f04d
38,"Used 2016 Honda Accord LX w/Honda Sensing 2.4L/NO ACCIDENTS/CERTIFIED for sale in Cambridge, ON",2016,2016 Honda Accord,Honda,Black,Sedan,Used,21490,98000.0,A&S Prestige Auto Sales,Cambridge,ON,https://www.carpages.ca/used-cars/ontario/cambridge/2016-honda-accord-10788252/,https://images.carpages.ca/inventory/10788252.387767802?w=320&h=240&q=75&s=02d02b8b2b0839dade79444e1c20ef0d
39,"Used 2020 Toyota Corolla SE 2L/NO ACCIDENTS/SUNROOF/CERTIFIED for sale in Cambridge, ON",2020,2020 Toyota Corolla,Toyota,Blue,Sedan,Used,21490,167000.0,A&S Prestige Auto Sales,Cambridge,ON,https://www.carpages.ca/used-cars/ontario/cambridge/2020-toyota-corolla-10788249/,https://images.carpages.ca/inventory/10788249.387767076?w=320&h=240&q=75&s=9dfc5c85306ed54f75dddf995a114d24
40,"Used 2018 Chevrolet Malibu PREMIER 1.5T/ONE OWNER/PANORAMIC SUNROOF/CERTIFIED for sale in Cambridge, ON",2018,2018 Chevrolet Malibu,Chevrolet,Silver,Sedan,Used,18990,139000.0,A&S Prestige Auto Sales,Cambridge,ON,https://www.carpages.ca/used-cars/ontario/cambridge/2018-chevrolet-malibu-10788246/,https://images.carpages.ca/inventory/10788246.387766974?w=320&h=240&q=75&s=7621a67db7f179714e40a4d7c61bd134
41,"Used 2019 Chevrolet Impala LT 2.5L/ONE OWNER/NO ACCIDENTS/CERTIFIED for sale in Cambridge, ON",2019,2019 Chevrolet Impala,Chevrolet,Black,Sedan,Used,18990,159000.0,A&S Prestige Auto Sales,Cambridge,ON,https://www.carpages.ca/used-cars/ontario/cambridge/2019-chevrolet-impala-10788240/,https://images.carpages.ca/inventory/10788240.387766746?w=320&h=240&q=75&s=271c8c6a863a0be903892a1c4dcec543
42,"Used 2018 Chevrolet Malibu PREMIER 1.5T/ONE OWNER/NO ACCIDENTS/CERTIFIED for sale in Cambridge, ON",2018,2018 Chevrolet Malibu,Chevrolet,Silver,Sedan,Used,18790,155000.0,A&S Prestige Auto Sales,Cambridge,ON,https://www.carpages.ca/used-cars/ontario/cambridge/2018-chevrolet-malibu-10788234/,https://images.carpages.ca/inventory/10788234.387766626?w=320&h=240&q=75&s=95bb42e8722cb05777291772a306a2cf
43,"Used 2014 Honda Accord EX-L 2.4L/ONE OWNER/SUNROOF/POWER SEATS/CERTIFIED for sale in Cambridge, ON",2014,2014 Honda Accord,Honda,White,Sedan,Used,15990,192000.0,A&S Prestige Auto Sales,Cambridge,ON,https://www.carpages.ca/used-cars/ontario/cambridge/2014-honda-accord-10788219/,https://images.carpages.ca/inventory/10788219.387766263?w=320&h=240&q=75&s=24b5db25cd472566780e8233e93ee722
44,"Used 2015 Hyundai Elantra GL 1.8L/LOW KMS/ONE OWNER/NO ACCIDENTS/CERTIFIED for sale in Cambridge, ON",2015,2015 Hyundai Elantra,Hyundai,Red,Sedan,Used,15990,56000.0,A&S Prestige Auto Sales,Cambridge,ON,https://www.carpages.ca/used-cars/ontario/cambridge/2015-hyundai-elantra-10788162/,https://images.carpages.ca/inventory/10788162.387766125?w=320&h=240&q=75&s=d0a552b951b69d819b503f033183d391
45,"Used 2016 Honda Civic EX 2L/SUNROOF/NO ACCIDENTS/WARRANTY/CERTIFIED for sale in Cambridge, ON",2016,2016 Honda Civic,Honda,Black,Sedan,Used,15490,193000.0,A&S Prestige Auto Sales,Cambridge,ON,https://www.carpages.ca/used-cars/ontario/cambridge/2016-honda-civic-10788159/,https://images.carpages.ca/inventory/10788159.387766053?w=320&h=240&q=75&s=e5b475b5c50dbde51e743f7a3fcf7787
46,"Used 2015 Hyundai Elantra GL 1.8L/LOW KILOMETERS/NO ACCIDENTS/CERTIFIED for sale in Cambridge, ON",2015,2015 Hyundai Elantra,Hyundai,White,Sedan,Used,14990,89000.0,A&S Prestige Auto Sales,Cambridge,ON,https://www.carpages.ca/used-cars/ontario/cambridge/2015-hyundai-elantra-10788153/,https://images.carpages.ca/inventory/10788153.387765846?w=320&h=240&q=75&s=87440314a9e2cb0ce7fda2c42223bb92
47,"Used 2016 Nissan Micra SV 1.6L/2 SETS OF TIRES/FULLY LOADED/CERTIFIED for sale in Cambridge, ON",2016,2016 Nissan Micra,Nissan,White,Sedan,Used,14490,77000.0,A&S Prestige Auto Sales,Cambridge,ON,https://www.carpages.ca/used-cars/ontario/cambridge/2016-nissan-micra-10788132/,https://images.carpages.ca/inventory/10788132.387765633?w=320&h=240&q=75&s=7f1f4533cc1ea45c7c99cd4372df5ef5
48,"Used 2016 Cadillac ATS Sedan Luxury for sale in Calgary, AB",2016,2016 Cadillac ATS,Cadillac,Black,Sedan,Used,13000,139236.0,Regal Auctions Ltd.,Calgary,AB,https://www.carpages.ca/used-cars/alberta/calgary/2016-cadillac-ats-10788126/,https://images.carpages.ca/inventory/10788126.387922365?w=320&h=240&q=75&s=322c8ccf6ca44225dc112040111a7dcd
49,"Used 2021 Chrysler 300 S for sale in Calgary, AB",2021,2021 Chrysler 300,Chrysler,Grey,Sedan,Used,34300,40176.0,Regal Auctions Ltd.,Calgary,AB,https://www.carpages.ca/used-cars/alberta/calgary/2021-chrysler-300-10788105/,https://images.carpages.ca/inventory/10788105.387921453?w=320&h=240&q=75&s=6a7ccf58c4a6bb3be88c03684ce33c94
0,"Used 2019 Subaru WRX STI MANUAL - APPLE CARPLAY|CAMERA|HEATED SEAT for sale in North York, ON",2019,2019 Subaru WRX STI,Subaru,Black,Sedan,Used,37895,79000.0,Monaco Motorcars Inc,North York,ON,https://www.carpages.ca/used-cars/ontario/north-york/2019-subaru-wrx-sti-10788018/,https://images.carpages.ca/inventory/10788018.387763374?w=320&h=240&q=75&s=b8cd66c3a5a3c8782422bdd34d498d66
1,"Used 2010 Dodge Charger 4dr Sdn SE RWD for sale in Sarnia, ON",2010,2010 Dodge Charger,Dodge,Red,Sedan,Used,9495,114071.0,Lynmar Auto Sales,Sarnia,ON,https://www.carpages.ca/used-cars/ontario/sarnia/2010-dodge-charger-10787970/,https://images.carpages.ca/inventory/10787970.387762552?w=320&h=240&q=75&s=844e2d700eb158beb91eab0fec61310c
2,"Used 2009 Volkswagen City Jetta 4dr Sdn Auto for sale in Calgary, AB",2009,2009 Volkswagen City Jetta,Volkswagen,Black,Sedan,Used,3200,273241.0,JJ Auto Sales & Services Ltd,Calgary,AB,https://www.carpages.ca/used-cars/alberta/calgary/2009-volkswagen-city-jetta-10787967/,https://images.carpages.ca/inventory/10787967.387762516?w=320&h=240&q=75&s=e0f3f17ddef11363b2b99fcef79f95da
3,"Used 2011 Chevrolet Malibu  for sale in Kitchener, ON",2011,2011 Chevrolet Malibu,Chevrolet,,Sedan,Used,8495,150013.0,AutoSmarto,Kitchener,ON,https://www.carpages.ca/used-cars/ontario/kitchener/2011-chevrolet-malibu-10787958/,https://images.carpages.ca/inventory/10787958.387762357?w=320&h=240&q=75&s=900a2d738bb43f44f7a17325c9096455
4,"Used 2011 Mercedes-Benz C-Class C 350 4MATIC for sale in Brantford, ON",2011,2011 Mercedes-Benz C-Class,Mercedes-Benz,White,Sedan,Used,14988,126630.0,Munro Motors,Brantford,ON,https://www.carpages.ca/used-cars/ontario/brantford/2011-mercedes-benz-c-class-10787949/,https://images.carpages.ca/inventory/10787949.387761442?w=320&h=240&q=75&s=482c5a15f7a82d8e059177a62557bfbb
5,"Used 2014 MINI Cooper Countryman AUTO-LEATHER-POWER SUNROOF for sale in Oshawa, ON",2014,2014 MINI Cooper Countryman,MINI,Crimson Red,Sedan,Used,9989,145868.0,R.E.R. Automobiles Ltd,Oshawa,ON,https://www.carpages.ca/used-cars/ontario/oshawa/2014-mini-cooper-countryman-10787940/,https://images.carpages.ca/inventory/10787940.387760692?w=320&h=240&q=75&s=1cbd709e74d69107119db7b709676922
6,"Used 2008 Audi A6 4dr Sdn 3.2L for sale in Etobicoke, ON",2008,2008 Audi A6,Audi,Black,Sedan,Used,5800,174099.0,1st Auto Group,Etobicoke,ON,https://www.carpages.ca/used-cars/ontario/etobicoke/2008-audi-a6-10787898/,https://images.carpages.ca/inventory/10787898.387759174?w=320&h=240&q=75&s=803dec3b10a9fa688477c49aad85d8d2
7,"Used 2016 Mitsubishi Lancer ES for sale in Ottawa, ON",2016,2016 Mitsubishi Lancer,Mitsubishi,White,Sedan,Used,18900,36638.0,GO2 Auto,Ottawa,ON,https://www.carpages.ca/used-cars/ontario/ottawa/2016-mitsubishi-lancer-10787868/,https://images.carpages.ca/inventory/10787868.387895728?w=320&h=240&q=75&s=a1b65966a165031d5f7f4d5b9ea521c7
8,"Used 2021 Kia K5 EX for sale in Charlottetown, PE",2021,2021 Kia K5,Kia,White,Sedan,Used,25995,83934.0,Discover Kia,Charlottetown,PE,https://www.carpages.ca/used-cars/prince-edward-island/charlottetown/2021-kia-k5-10787856/,https://images.carpages.ca/inventory/10787856.387784521?w=320&h=240&q=75&s=dfaf0e72796c805e6cb5f483fe8d4c52
9,"Used 2020 Hyundai Elantra Limited for sale in Truro, NS",2020,2020 Hyundai Elantra,Hyundai,Blue,Sedan,Used,23900,38000.0,Scammell Auto Limited,Truro,NS,https://www.carpages.ca/used-cars/nova-scotia/truro/2020-hyundai-elantra-10787841/,https://images.carpages.ca/inventory/10787841.387758142?w=320&h=240&q=75&s=066886565bfd3d1276b6534c9256e312
10,"Used 2014 Hyundai Elantra GT GL for sale in Kitchener, ON",2014,2014 Hyundai Elantra GT,Hyundai,White,Sedan,Used,11495,155594.0,Vendora Credit Inc,Kitchener,ON,https://www.carpages.ca/used-cars/ontario/kitchener/2014-hyundai-elantra-gt-10787826/,https://images.carpages.ca/inventory/10787826.387913563?w=320&h=240&q=75&s=4fc05e6e0cb2b9eb64d03599c3ad1d3c
11,"Used 2000 Honda Accord *SEDAN*AUTO*4 CYLINDER*RELIABLE*AS IS SPECIAL for sale in London, ON",2000,2000 Honda Accord,Honda,Green,Sedan,Used,3995,200150.0,Tiger Auto Sales Ltd.,London,ON,https://www.carpages.ca/used-cars/ontario/london/2000-honda-accord-10787823/,https://images.carpages.ca/inventory/10787823.387757668?w=320&h=240&q=75&s=964c69ba8442dfa7b65810a735988c17
12,"Used 2012 Hyundai Genesis Limited 3.8L RWD Leather Heated-Seats Sunroof for sale in Concord, ON",2012,2012 Hyundai Genesis,Hyundai,Silver,Sedan,Used,14995,146388.0,Manaf Auto Sales,Concord,ON,https://www.carpages.ca/used-cars/ontario/concord/2012-hyundai-genesis-10787808/,https://images.carpages.ca/inventory/10787808.387757077?w=320&h=240&q=75&s=e1e1faa9a5a10d0b1a6d74de807bc088
13,"Used 2014 Hyundai Elantra GT GL for sale in Guelph, ON",2014,2014 Hyundai Elantra GT,Hyundai,White,Sedan,Used,11495,155594.0,Troy's Toys,Guelph,ON,https://www.carpages.ca/used-cars/ontario/guelph/2014-hyundai-elantra-gt-10787781/,https://images.carpages.ca/inventory/10787781.387913311?w=320&h=240&q=75&s=f0ab33c005c805978605daf940f58b09
14,"Used 2015 Cadillac ATS *AWD*LEATHER*SUNROOF*REVCAM*COUPE*PICTURES COMMING for sale in Toronto, ON",2015,2015 Cadillac ATS,Cadillac,Gray,Sedan,Used,13800,195000.0,Weston Motors Inc.,Toronto,ON,https://www.carpages.ca/used-cars/ontario/toronto/2015-cadillac-ats-10787742/,https://images.carpages.ca/inventory/10787742.387755988?w=320&h=240&q=75&s=dc7b7761097b284ee13d72b283b09964
15,"Used 2013 Chrysler 300 TOURING*LEATHER*SUNRROF*SCREEN*CERT for sale in London, ON",2013,2013 Chrysler 300,Chrysler,Black,Sedan,Used,11995,179635.0,Tiger Auto Sales Ltd.,London,ON,https://www.carpages.ca/used-cars/ontario/london/2013-chrysler-300-10787736/,https://images.carpages.ca/inventory/10787736.387755883?w=320&h=240&q=75&s=629c16ebeb3726fb359acd5ab2d4e0b0
16,"Used 2015 BMW 3 Series 328i xDrive  NAVIGATION/LEATHER!! for sale in Barrie, ON",2015,2015 BMW 3 Series,BMW,White,Sedan,Used,19995,158000.0,Eckert Auto Sales,Barrie,ON,https://www.carpages.ca/used-cars/ontario/barrie/2015-bmw-3-series-10787730/,https://images.carpages.ca/inventory/10787730.387755805?w=320&h=240&q=75&s=41f757d7694f94df699b90af9ca2f37c
17,"Used 2011 Mazda MAZDA3 *SEDAN*AUTO*ALLOYS*4 CYLINDER*CERTIFIED for sale in London, ON",2011,2011 Mazda MAZDA3,Mazda,Black,Sedan,Used,7995,204320.0,Tiger Auto Sales Ltd.,London,ON,https://www.carpages.ca/used-cars/ontario/london/2011-mazda-mazda3-10787727/,https://images.carpages.ca/inventory/10787727.387755757?w=320&h=240&q=75&s=7aeab841a96705fd8489ba3a8cdcbe4e
18,"Used 2019 Volkswagen Jetta Highline Auto1.4L Leather HeatedSeats Pano-Sunroof for sale in Concord, ON",2019,2019 Volkswagen Jetta,Volkswagen,White,Sedan,Used,24488,57446.0,Manaf Auto Sales,Concord,ON,https://www.carpages.ca/used-cars/ontario/concord/2019-volkswagen-jetta-10787721/,https://images.carpages.ca/inventory/10787721.387755622?w=320&h=240&q=75&s=4fff9961656b9c5522c204f77940608d
19,"Used 2016 Ford Focus SE for sale in Cobourg, ON",2016,2016 Ford Focus,Ford,Black,Sedan,Used,10299,169686.0,True North Auto Brokers,Cobourg,ON,https://www.carpages.ca/used-cars/ontario/cobourg/2016-ford-focus-10787703/,https://images.carpages.ca/inventory/10787703.387755295?w=320&h=240&q=75&s=1b465e002f4be9201fdb1e9fa0288f7c
20,"Used 2022 BMW M5 Competition for sale in Burnaby, BC",2022,2022 BMW M5,BMW,Frozen Black,Sedan,Used,133888,19900.0,OpenRoad Audi,Burnaby,BC,https://www.carpages.ca/used-cars/british-columbia/burnaby/2022-bmw-m5-10787598/,https://images.carpages.ca/inventory/10787598.387753537?w=320&h=240&q=75&s=91a508e26b94d164e171894f028d68d6
21,"Used 2013 Honda Civic Touring for sale in Caraquet, NB",2013,2013 Honda Civic,Honda,Grey,Sedan,Used,11995,158723.0,Gauvin Auto,Caraquet,NB,https://www.carpages.ca/used-cars/new-brunswick/caraquet/2013-honda-civic-10787586/,https://images.carpages.ca/inventory/10787586.387750810?w=320&h=240&q=75&s=47e92b1ae4fbde73c3e9dc4151aa6653
22,Used 2008 Pontiac G6 ,2008,2008 Pontiac G6,Pontiac,White,Sedan,Used,4999,144821.0,Kelly and Sons Auto,Ajax,ON,https://www.carpages.ca/used-cars/ontario/ajax/2008-pontiac-g6-10787571/,https://images.carpages.ca/inventory/10787571.387746421?w=320&h=240&q=75&s=58d1921fb2572e3bcf1b237a9e7bdef4
23,"Used 2016 Volkswagen Jetta Trendline Plus 1.4T 6sp at w/Tip for sale in Port Moody, BC",2016,2016 Volkswagen Jetta,Volkswagen,White,Sedan,Used,14999,119264.0,OpenRoad Mazda Port Moody,Port Moody,BC,https://www.carpages.ca/used-cars/british-columbia/port-moody/2016-volkswagen-jetta-10787556/,https://images.carpages.ca/inventory/10787556.387877614?w=320&h=240&q=75&s=ee71c1258b9496140ee7b34a82a1f304
24,"Used 2021 Honda Civic Sedan LX CVT for sale in Port Moody, BC",2021,2021 Honda Civic,Honda,Silver,Sedan,Used,26999,41863.0,OpenRoad Mazda Port Moody,Port Moody,BC,https://www.carpages.ca/used-cars/british-columbia/port-moody/2021-honda-civic-10787553/,https://images.carpages.ca/inventory/10787553.387877593?w=320&h=240&q=75&s=936f57a7f7fc57f8922693dfb02be00f
25,"Used 2010 Kia Forte 4dr Sdn Auto EX for sale in Brantford, ON",2010,2010 Kia Forte,Kia,Black,Sedan,Used,5999,210000.0,Right Choice Auto,Brantford,ON,https://www.carpages.ca/used-cars/ontario/brantford/2010-kia-forte-10787550/,https://images.carpages.ca/inventory/10787550.387744723?w=320&h=240&q=75&s=6221c81c5d0a5662d48ec3fdeebbbc69
26,"Used 2020 Honda Civic Sedan EX CVT for sale in Burnaby, BC",2020,2020 Honda Civic,Honda,Platinum White Pearl,Sedan,Used,26980,29012.0,OpenRoad Honda Burnaby,Burnaby,BC,https://www.carpages.ca/used-cars/british-columbia/burnaby/2020-honda-civic-10787517/,https://images.carpages.ca/inventory/10787517.388032990?w=320&h=240&q=75&s=554a735b9dc80942f3a28bb90ba4495c
27,"Used 2013 Kia Rio WE APPROVE ALL CREDIT for sale in London, ON",2013,2013 Kia Rio,Kia,White,Sedan,Used,9800,162000.0,Redline Auto Sales,London,ON,https://www.carpages.ca/used-cars/ontario/london/2013-kia-rio-10787496/,https://images.carpages.ca/inventory/10787496.387737157?w=320&h=240&q=75&s=d607376a265a600eec79543ece6ef1c9
28,"Used 2021 Honda CR-V Sunroof| Auto Start| Apple Car Play| Android Auto| for sale in Vaughan, ON",2021,2021 Honda CR-V,Honda,Crystal Black Pearl,Sedan,Used,34995,37262.0,Maple Honda,Vaughan,ON,https://www.carpages.ca/used-cars/ontario/vaughan/2021-honda-cr-v-10787133/,https://images.carpages.ca/inventory/10787133.387814161?w=320&h=240&q=75&s=ca3c42c8b8698414d39c46a64a64ee59
29,"Used 2013 Chevrolet Cruze LT for sale in Toronto, ON",2013,2013 Chevrolet Cruze,Chevrolet,Gray,Sedan,Used,7450,187000.0,Auto Cross Inc.,Toronto,ON,https://www.carpages.ca/used-cars/ontario/toronto/2013-chevrolet-cruze-10787055/,https://images.carpages.ca/inventory/10787055.387704877?w=320&h=240&q=75&s=ad51077fbcb52a03d6f79f312cf7e2b7
30,"Used 2015 Hyundai Accent GL 1.6L/ONE OWNER/NO ACCIDENTS/LOW KMS/CERTIFIED for sale in Cambridge, ON",2015,2015 Hyundai Accent,Hyundai,Brown,Sedan,Used,13990,64000.0,A&S Prestige Auto Sales,Cambridge,ON,https://www.carpages.ca/used-cars/ontario/cambridge/2015-hyundai-accent-10786926/,https://images.carpages.ca/inventory/10786926.387702589?w=320&h=240&q=75&s=b1779a65f1bbad122a7ada395476799b
31,"Used 2019 Kia Rio LX+ 1.6L/NO ACCIDENTS/FULLY LOADED/CERTIFIED for sale in Cambridge, ON",2019,2019 Kia Rio,Kia,Blue,Sedan,Used,13990,181000.0,A&S Prestige Auto Sales,Cambridge,ON,https://www.carpages.ca/used-cars/ontario/cambridge/2019-kia-rio-10786923/,https://images.carpages.ca/inventory/10786923.387702543?w=320&h=240&q=75&s=f69d9b3d534593391bd47e6f3e9a8c8c
32,"Used 2015 Nissan Altima 2.5L/SUNROOF/REAR CAMERA/REMOTE STARTER/CERTIFIED for sale in Cambridge, ON",2015,2015 Nissan Altima,Nissan,Silver,Sedan,Used,13290,142000.0,A&S Prestige Auto Sales,Cambridge,ON,https://www.carpages.ca/used-cars/ontario/cambridge/2015-nissan-altima-10786917/,https://images.carpages.ca/inventory/10786917.387702405?w=320&h=240&q=75&s=7b5d0fc60f12de9e9aea1293c2708ed0
33,"Used 2015 Nissan Altima SV 2.5L/ONE OWNER/NO ACCIDENTS/CERTIFIED for sale in Cambridge, ON",2015,2015 Nissan Altima,Nissan,Grey,Sedan,Used,13290,145000.0,A&S Prestige Auto Sales,Cambridge,ON,https://www.carpages.ca/used-cars/ontario/cambridge/2015-nissan-altima-10786914/,https://images.carpages.ca/inventory/10786914.387702351?w=320&h=240&q=75&s=d369e7fc33ec2c3007272eb5c60f2c63
34,"Used 2012 Ford Fusion SE 2.5L/ONE OWNER/WARRANTY INCLUDED/CERTIFIED for sale in Cambridge, ON",2012,2012 Ford Fusion,Ford,Silver,Sedan,Used,9490,127000.0,A&S Prestige Auto Sales,Cambridge,ON,https://www.carpages.ca/used-cars/ontario/cambridge/2012-ford-fusion-10786893/,https://images.carpages.ca/inventory/10786893.387701883?w=320&h=240&q=75&s=120d30ba2c0f509cc448107d65654bf5
35,"Used 2010 Ford Fusion SEL 3L -SUNROOF/CERTIFIED/NEW BRAKES/NEW TIRES for sale in Cambridge, ON",2010,2010 Ford Fusion,Ford,Grey,Sedan,Used,6990,165000.0,A&S Prestige Auto Sales,Cambridge,ON,https://www.carpages.ca/used-cars/ontario/cambridge/2010-ford-fusion-10786890/,https://images.carpages.ca/inventory/10786890.387701811?w=320&h=240&q=75&s=352b593c0c1a55c311ed10704a7d3805
36,"Used 2013 Kia Rio SX LIMITED 1.6L/GPS/SUNROOF/NO ACCIDENTS/CERTIFIED for sale in Cambridge, ON",2013,2013 Kia Rio,Kia,Black,Sedan,Used,6790,230000.0,A&S Prestige Auto Sales,Cambridge,ON,https://www.carpages.ca/used-cars/ontario/cambridge/2013-kia-rio-10786885/,https://images.carpages.ca/inventory/10786885.387701682?w=320&h=240&q=75&s=d7af2aebac17ae8b8def7343197527e6
37,"Used 2016 Kia Rondo  for sale in Kitchener, ON",2016,2016 Kia Rondo,Kia,Black,Sedan,Used,12999,107216.0,Kitchener KIA,Kitchener,ON,https://www.carpages.ca/used-cars/ontario/kitchener/2016-kia-rondo-10786875/,https://images.carpages.ca/inventory/10786875.387701307?w=320&h=240&q=75&s=220b3dc4e460e9a24d252c15db139bf8
38,"Used 2020 Kia Forte EX for sale in Charlottetown, PE",2020,2020 Kia Forte,Kia,Silver,Sedan,Used,23495,60857.0,Discover Kia,Charlottetown,PE,https://www.carpages.ca/used-cars/prince-edward-island/charlottetown/2020-kia-forte-10786818/,https://images.carpages.ca/inventory/10786818.387700965?w=320&h=240&q=75&s=15d9b7325e2fcf2d9a1112371c183e6d
39,"Used 2005 Audi A8 4.2 V8**RUNS GREAT**ONLY 193KMS**AS IS SPECIAL for sale in London, ON",2005,2005 Audi A8,Audi,Black,Sedan,Used,3995,193030.0,Tiger Auto Sales Ltd.,London,ON,https://www.carpages.ca/used-cars/ontario/london/2005-audi-a8-10786704/,https://images.carpages.ca/inventory/10786704.387700281?w=320&h=240&q=75&s=5095829db1e665bd21cc5780e04bbbe8
40,"Used 2018 Subaru WRX STI  - Aluminum Wheels -  Heated Seats for sale in Midland, ON",2018,2018 Subaru WRX,Subaru,7x,Sedan,Used,36008,90628.0,Bourgeois Midland Hyundai,Midland,ON,https://www.carpages.ca/used-cars/ontario/midland/2018-subaru-wrx-10786695/,https://images.carpages.ca/inventory/10786695.388046058?w=320&h=240&q=75&s=eaa04c44bf01522ec199976e684b19b6
41,"Used 2016 Hyundai Elantra Sport  - Sunroof -  Bluetooth for sale in Midland, ON",2016,2016 Hyundai Elantra,Hyundai,WINDY SEA BLUE,Sedan,Used,13008,154872.0,Bourgeois Midland Hyundai,Midland,ON,https://www.carpages.ca/used-cars/ontario/midland/2016-hyundai-elantra-10786689/,https://images.carpages.ca/inventory/10786689.387904374?w=320&h=240&q=75&s=e6e2c922d768f701b734c11008ae6937
42,"Used 2017 Audi A4 2.0T  Sequential Lighting | Winter Tires | Sunroof for sale in Midland, ON",2017,2017 Audi A4,Audi,Black,Sedan,Used,26988,76576.0,Bourgeois Nissan,Midland,ON,https://www.carpages.ca/used-cars/ontario/midland/2017-audi-a4-10786686/,https://images.carpages.ca/inventory/10786686.387904131?w=320&h=240&q=75&s=4350ab484a1ecf725b59fe2ef80e0407
43,"Used 2016 Mercedes-Benz C-Class C 450 AMG 4matic for sale in Sudbury, ON",2016,2016 Mercedes-Benz C-Class,Mercedes-Benz,White,Sedan,Used,30650,65505.0,Mercedes-Benz of Sudbury,Sudbury,ON,https://www.carpages.ca/used-cars/ontario/sudbury/2016-mercedes-benz-c-class-10786674/,https://images.carpages.ca/inventory/10786674.387699108?w=320&h=240&q=75&s=18538256aaecffb6f01bf49ddedb8451
44,"Used 2017 BMW 3 Series 340i xDrive  No Accident M// Harman Kardon Sunroof Navigation for sale in Mississauga, ON",2017,2017 BMW 3 Series,BMW,Black,Sedan,Used,27995,152620.0,Tabangi Motors,Mississauga,ON,https://www.carpages.ca/used-cars/ontario/mississauga/2017-bmw-3-series-10786665/,https://images.carpages.ca/inventory/10786665.387697983?w=320&h=240&q=75&s=5134957909d03bf75be976a764ea3bfc
45,"Used 2021 Toyota Camry SE  No Accident Carplay Lane Assist Leather for sale in Mississauga, ON",2021,2021 Toyota Camry,Toyota,Grey,Sedan,Used,24995,78484.0,Tabangi Motors,Mississauga,ON,https://www.carpages.ca/used-cars/ontario/mississauga/2021-toyota-camry-10786662/,https://images.carpages.ca/inventory/10786662.387697911?w=320&h=240&q=75&s=d345a094d2820fcd8db01609332305c5
46,"Used 2021 Volkswagen Jetta Execline  No Accident Navigation Leather Panoramic Roof for sale in Mississauga, ON",2021,2021 Volkswagen Jetta,Volkswagen,White,Sedan,Used,26995,59805.0,Tabangi Motors,Mississauga,ON,https://www.carpages.ca/used-cars/ontario/mississauga/2021-volkswagen-jetta-10786656/,https://images.carpages.ca/inventory/10786656.387697524?w=320&h=240&q=75&s=739194239b9eceb03cac59c649003808
47,"Used 2021 Mercedes-Benz C-Class 300   No Accident AMG 360CAM Panoramic Roof for sale in Mississauga, ON",2021,2021 Mercedes-Benz C-Class,Mercedes-Benz,White,Sedan,Used,40995,49897.0,Tabangi Motors,Mississauga,ON,https://www.carpages.ca/used-cars/ontario/mississauga/2021-mercedes-benz-c-class-10786653/,https://images.carpages.ca/inventory/10786653.387697278?w=320&h=240&q=75&s=64172ddd8170e19c3226c947c0c89c38
48,"Used 2022 Toyota Camry SE for sale in Cayuga, ON",2022,2022 Toyota Camry,Toyota,Gray,Sedan,Used,29995,75834.0,Haldimand Motors Ltd.,Cayuga,ON,https://www.carpages.ca/used-cars/ontario/cayuga/2022-toyota-camry-10786623/,https://images.carpages.ca/inventory/10786623.387696951?w=320&h=240&q=75&s=64a3dad538a5051b6d01f8aa74082784
49,"Used 2022 Toyota Corolla LE for sale in Cayuga, ON",2022,2022 Toyota Corolla,Toyota,White,Sedan,Used,28995,44956.0,Haldimand Motors Ltd.,Cayuga,ON,https://www.carpages.ca/used-cars/ontario/cayuga/2022-toyota-corolla-10786620/,https://images.carpages.ca/inventory/10786620.387696939?w=320&h=240&q=75&s=32a5376eb8e9fd34eb31963057ee6b2e